spp_file,Alt,Year,variable,value
EBS_Pollock_2024,NA,NA,SSB_100, 5291.17
EBS_Pollock_2024,NA,NA,SSB_40, 2116.47
EBS_Pollock_2024,NA,NA,SSB_ofl, 1851.91
EBS_Pollock_2024,NA,NA,SSB_2025,3239.37
EBS_Pollock_2024,NA,NA,Mean_rec, 17148.6
EBS_Pollock_2024,NA,NA,C_abc,1471.25
EBS_Pollock_2024,NA,NA,C_ofl,1579.45
EBS_Pollock_2024,NA,NA,F_0,0 
EBS_Pollock_2024,NA,NA,F_abc,0.403101
EBS_Pollock_2024,NA,NA,F_ofl,0.525851
EBS_Pollock_2024,1,2025,C_lb,1350
EBS_Pollock_2024,1,2025,C_ub,1350
EBS_Pollock_2024,1,2025,C_median,1350
EBS_Pollock_2024,1,2025,C_mean,1350
EBS_Pollock_2024,1,2025,C_sd,1.20508e-11
EBS_Pollock_2024,1,2026,C_lb,1350
EBS_Pollock_2024,1,2026,C_ub,1350
EBS_Pollock_2024,1,2026,C_median,1350
EBS_Pollock_2024,1,2026,C_mean,1350
EBS_Pollock_2024,1,2026,C_sd,2.40238e-07
EBS_Pollock_2024,1,2027,C_lb,1717.39
EBS_Pollock_2024,1,2027,C_ub,1759.66
EBS_Pollock_2024,1,2027,C_median,1729.39
EBS_Pollock_2024,1,2027,C_mean,1733.07
EBS_Pollock_2024,1,2027,C_sd,14.2268
EBS_Pollock_2024,1,2028,C_lb,1466.98
EBS_Pollock_2024,1,2028,C_ub,1683.5
EBS_Pollock_2024,1,2028,C_median,1531.55
EBS_Pollock_2024,1,2028,C_mean,1548.27
EBS_Pollock_2024,1,2028,C_sd,71.7569
EBS_Pollock_2024,1,2029,C_lb,1322.09
EBS_Pollock_2024,1,2029,C_ub,1855.71
EBS_Pollock_2024,1,2029,C_median,1569.97
EBS_Pollock_2024,1,2029,C_mean,1582.69
EBS_Pollock_2024,1,2029,C_sd,164.815
EBS_Pollock_2024,1,2030,C_lb,1120.6
EBS_Pollock_2024,1,2030,C_ub,2068.15
EBS_Pollock_2024,1,2030,C_median,1567.33
EBS_Pollock_2024,1,2030,C_mean,1568.49
EBS_Pollock_2024,1,2030,C_sd,307.302
EBS_Pollock_2024,1,2031,C_lb,973.613
EBS_Pollock_2024,1,2031,C_ub,2153.1
EBS_Pollock_2024,1,2031,C_median,1508.59
EBS_Pollock_2024,1,2031,C_mean,1530.75
EBS_Pollock_2024,1,2031,C_sd,380.633
EBS_Pollock_2024,1,2032,C_lb,905.072
EBS_Pollock_2024,1,2032,C_ub,2133.35
EBS_Pollock_2024,1,2032,C_median,1494.9
EBS_Pollock_2024,1,2032,C_mean,1490.21
EBS_Pollock_2024,1,2032,C_sd,392.943
EBS_Pollock_2024,1,2033,C_lb,891.795
EBS_Pollock_2024,1,2033,C_ub,2130.97
EBS_Pollock_2024,1,2033,C_median,1444.28
EBS_Pollock_2024,1,2033,C_mean,1468.58
EBS_Pollock_2024,1,2033,C_sd,396.196
EBS_Pollock_2024,1,2034,C_lb,895.323
EBS_Pollock_2024,1,2034,C_ub,2137.46
EBS_Pollock_2024,1,2034,C_median,1439.3
EBS_Pollock_2024,1,2034,C_mean,1462.75
EBS_Pollock_2024,1,2034,C_sd,402.775
EBS_Pollock_2024,1,2035,C_lb,856.71
EBS_Pollock_2024,1,2035,C_ub,2124.76
EBS_Pollock_2024,1,2035,C_median,1423.82
EBS_Pollock_2024,1,2035,C_mean,1453.34
EBS_Pollock_2024,1,2035,C_sd,394.431
EBS_Pollock_2024,1,2036,C_lb,875.785
EBS_Pollock_2024,1,2036,C_ub,2120.3
EBS_Pollock_2024,1,2036,C_median,1418.53
EBS_Pollock_2024,1,2036,C_mean,1442.39
EBS_Pollock_2024,1,2036,C_sd,379.818
EBS_Pollock_2024,1,2037,C_lb,873.516
EBS_Pollock_2024,1,2037,C_ub,2086.6
EBS_Pollock_2024,1,2037,C_median,1414.67
EBS_Pollock_2024,1,2037,C_mean,1440.2
EBS_Pollock_2024,1,2037,C_sd,373.726
EBS_Pollock_2024,1,2038,C_lb,872.399
EBS_Pollock_2024,1,2038,C_ub,2065.16
EBS_Pollock_2024,1,2038,C_median,1427.78
EBS_Pollock_2024,1,2038,C_mean,1440.35
EBS_Pollock_2024,1,2038,C_sd,381.713
EBS_Pollock_2024,1,2025,SSB_lb,2828.95
EBS_Pollock_2024,1,2025,SSB_ub,2828.95
EBS_Pollock_2024,1,2025,SSB_median,2828.95
EBS_Pollock_2024,1,2025,SSB_mean,2828.95
EBS_Pollock_2024,1,2026,SSB_lb,2482.49
EBS_Pollock_2024,1,2026,SSB_ub,2482.49
EBS_Pollock_2024,1,2026,SSB_median,2482.49
EBS_Pollock_2024,1,2026,SSB_mean,2482.49
EBS_Pollock_2024,1,2027,SSB_lb,2333.19
EBS_Pollock_2024,1,2027,SSB_ub,2343.18
EBS_Pollock_2024,1,2027,SSB_median,2336.03
EBS_Pollock_2024,1,2027,SSB_mean,2336.9
EBS_Pollock_2024,1,2028,SSB_lb,2212.87
EBS_Pollock_2024,1,2028,SSB_ub,2617.48
EBS_Pollock_2024,1,2028,SSB_median,2328.29
EBS_Pollock_2024,1,2028,SSB_mean,2362.53
EBS_Pollock_2024,1,2029,SSB_lb,1942.04
EBS_Pollock_2024,1,2029,SSB_ub,3023.45
EBS_Pollock_2024,1,2029,SSB_median,2271.04
EBS_Pollock_2024,1,2029,SSB_mean,2355.43
EBS_Pollock_2024,1,2030,SSB_lb,1733.25
EBS_Pollock_2024,1,2030,SSB_ub,3166.48
EBS_Pollock_2024,1,2030,SSB_median,2196.09
EBS_Pollock_2024,1,2030,SSB_mean,2298.88
EBS_Pollock_2024,1,2031,SSB_lb,1636.96
EBS_Pollock_2024,1,2031,SSB_ub,3147.14
EBS_Pollock_2024,1,2031,SSB_median,2159.52
EBS_Pollock_2024,1,2031,SSB_mean,2250.41
EBS_Pollock_2024,1,2032,SSB_lb,1594.93
EBS_Pollock_2024,1,2032,SSB_ub,3131.65
EBS_Pollock_2024,1,2032,SSB_median,2149.78
EBS_Pollock_2024,1,2032,SSB_mean,2228.24
EBS_Pollock_2024,1,2033,SSB_lb,1570.71
EBS_Pollock_2024,1,2033,SSB_ub,3107.43
EBS_Pollock_2024,1,2033,SSB_median,2114.09
EBS_Pollock_2024,1,2033,SSB_mean,2218.05
EBS_Pollock_2024,1,2034,SSB_lb,1568.91
EBS_Pollock_2024,1,2034,SSB_ub,3137.02
EBS_Pollock_2024,1,2034,SSB_median,2114.59
EBS_Pollock_2024,1,2034,SSB_mean,2198.89
EBS_Pollock_2024,1,2035,SSB_lb,1540.6
EBS_Pollock_2024,1,2035,SSB_ub,3075.45
EBS_Pollock_2024,1,2035,SSB_median,2097.91
EBS_Pollock_2024,1,2035,SSB_mean,2186.44
EBS_Pollock_2024,1,2036,SSB_lb,1581.19
EBS_Pollock_2024,1,2036,SSB_ub,3050.83
EBS_Pollock_2024,1,2036,SSB_median,2080.93
EBS_Pollock_2024,1,2036,SSB_mean,2175.87
EBS_Pollock_2024,1,2037,SSB_lb,1545.93
EBS_Pollock_2024,1,2037,SSB_ub,3011.32
EBS_Pollock_2024,1,2037,SSB_median,2090.97
EBS_Pollock_2024,1,2037,SSB_mean,2177.11
EBS_Pollock_2024,1,2038,SSB_lb,1557.59
EBS_Pollock_2024,1,2038,SSB_ub,3156.92
EBS_Pollock_2024,1,2038,SSB_median,2088.77
EBS_Pollock_2024,1,2038,SSB_mean,2191.19
EBS_Pollock_2024,1,2025,F_lb,0.204569
EBS_Pollock_2024,1,2025,F_ub,0.204569
EBS_Pollock_2024,1,2025,F_median,0.204569
EBS_Pollock_2024,1,2025,F_mean,0.204569
EBS_Pollock_2024,1,2026,F_lb,0.254916
EBS_Pollock_2024,1,2026,F_ub,0.254922
EBS_Pollock_2024,1,2026,F_median,0.25492
EBS_Pollock_2024,1,2026,F_mean,0.25492
EBS_Pollock_2024,1,2027,F_lb,0.403101
EBS_Pollock_2024,1,2027,F_ub,0.403101
EBS_Pollock_2024,1,2027,F_median,0.403101
EBS_Pollock_2024,1,2027,F_mean,0.403101
EBS_Pollock_2024,1,2028,F_lb,0.403101
EBS_Pollock_2024,1,2028,F_ub,0.403101
EBS_Pollock_2024,1,2028,F_median,0.403101
EBS_Pollock_2024,1,2028,F_mean,0.403101
EBS_Pollock_2024,1,2029,F_lb,0.368115
EBS_Pollock_2024,1,2029,F_ub,0.403101
EBS_Pollock_2024,1,2029,F_median,0.403101
EBS_Pollock_2024,1,2029,F_mean,0.397268
EBS_Pollock_2024,1,2030,F_lb,0.326235
EBS_Pollock_2024,1,2030,F_ub,0.403101
EBS_Pollock_2024,1,2030,F_median,0.403101
EBS_Pollock_2024,1,2030,F_mean,0.38548
EBS_Pollock_2024,1,2031,F_lb,0.306924
EBS_Pollock_2024,1,2031,F_ub,0.403101
EBS_Pollock_2024,1,2031,F_median,0.403101
EBS_Pollock_2024,1,2031,F_mean,0.379239
EBS_Pollock_2024,1,2032,F_lb,0.298499
EBS_Pollock_2024,1,2032,F_ub,0.403101
EBS_Pollock_2024,1,2032,F_median,0.403101
EBS_Pollock_2024,1,2032,F_mean,0.376439
EBS_Pollock_2024,1,2033,F_lb,0.293647
EBS_Pollock_2024,1,2033,F_ub,0.403101
EBS_Pollock_2024,1,2033,F_median,0.402625
EBS_Pollock_2024,1,2033,F_mean,0.374731
EBS_Pollock_2024,1,2034,F_lb,0.293293
EBS_Pollock_2024,1,2034,F_ub,0.403101
EBS_Pollock_2024,1,2034,F_median,0.402725
EBS_Pollock_2024,1,2034,F_mean,0.373563
EBS_Pollock_2024,1,2035,F_lb,0.287612
EBS_Pollock_2024,1,2035,F_ub,0.403101
EBS_Pollock_2024,1,2035,F_median,0.39938
EBS_Pollock_2024,1,2035,F_mean,0.373835
EBS_Pollock_2024,1,2036,F_lb,0.295763
EBS_Pollock_2024,1,2036,F_ub,0.403101
EBS_Pollock_2024,1,2036,F_median,0.395971
EBS_Pollock_2024,1,2036,F_mean,0.373018
EBS_Pollock_2024,1,2037,F_lb,0.288671
EBS_Pollock_2024,1,2037,F_ub,0.403101
EBS_Pollock_2024,1,2037,F_median,0.397986
EBS_Pollock_2024,1,2037,F_mean,0.372679
EBS_Pollock_2024,1,2038,F_lb,0.291017
EBS_Pollock_2024,1,2038,F_ub,0.403101
EBS_Pollock_2024,1,2038,F_median,0.397547
EBS_Pollock_2024,1,2038,F_mean,0.372391
EBS_Pollock_2024,2,2025,C_lb,1350
EBS_Pollock_2024,2,2025,C_ub,1350
EBS_Pollock_2024,2,2025,C_median,1350
EBS_Pollock_2024,2,2025,C_mean,1350
EBS_Pollock_2024,2,2025,C_sd,1.20508e-11
EBS_Pollock_2024,2,2026,C_lb,1350
EBS_Pollock_2024,2,2026,C_ub,1350
EBS_Pollock_2024,2,2026,C_median,1350
EBS_Pollock_2024,2,2026,C_mean,1350
EBS_Pollock_2024,2,2026,C_sd,2.40238e-07
EBS_Pollock_2024,2,2027,C_lb,1717.39
EBS_Pollock_2024,2,2027,C_ub,1759.66
EBS_Pollock_2024,2,2027,C_median,1729.39
EBS_Pollock_2024,2,2027,C_mean,1733.07
EBS_Pollock_2024,2,2027,C_sd,14.2268
EBS_Pollock_2024,2,2028,C_lb,1466.98
EBS_Pollock_2024,2,2028,C_ub,1683.5
EBS_Pollock_2024,2,2028,C_median,1531.55
EBS_Pollock_2024,2,2028,C_mean,1548.27
EBS_Pollock_2024,2,2028,C_sd,71.7569
EBS_Pollock_2024,2,2029,C_lb,1322.09
EBS_Pollock_2024,2,2029,C_ub,1855.71
EBS_Pollock_2024,2,2029,C_median,1569.97
EBS_Pollock_2024,2,2029,C_mean,1582.69
EBS_Pollock_2024,2,2029,C_sd,164.815
EBS_Pollock_2024,2,2030,C_lb,1120.6
EBS_Pollock_2024,2,2030,C_ub,2068.15
EBS_Pollock_2024,2,2030,C_median,1567.33
EBS_Pollock_2024,2,2030,C_mean,1568.49
EBS_Pollock_2024,2,2030,C_sd,307.302
EBS_Pollock_2024,2,2031,C_lb,973.613
EBS_Pollock_2024,2,2031,C_ub,2153.1
EBS_Pollock_2024,2,2031,C_median,1508.59
EBS_Pollock_2024,2,2031,C_mean,1530.75
EBS_Pollock_2024,2,2031,C_sd,380.633
EBS_Pollock_2024,2,2032,C_lb,905.072
EBS_Pollock_2024,2,2032,C_ub,2133.35
EBS_Pollock_2024,2,2032,C_median,1494.9
EBS_Pollock_2024,2,2032,C_mean,1490.21
EBS_Pollock_2024,2,2032,C_sd,392.943
EBS_Pollock_2024,2,2033,C_lb,891.795
EBS_Pollock_2024,2,2033,C_ub,2130.97
EBS_Pollock_2024,2,2033,C_median,1444.28
EBS_Pollock_2024,2,2033,C_mean,1468.58
EBS_Pollock_2024,2,2033,C_sd,396.196
EBS_Pollock_2024,2,2034,C_lb,895.323
EBS_Pollock_2024,2,2034,C_ub,2137.46
EBS_Pollock_2024,2,2034,C_median,1439.3
EBS_Pollock_2024,2,2034,C_mean,1462.75
EBS_Pollock_2024,2,2034,C_sd,402.775
EBS_Pollock_2024,2,2035,C_lb,856.71
EBS_Pollock_2024,2,2035,C_ub,2124.76
EBS_Pollock_2024,2,2035,C_median,1423.82
EBS_Pollock_2024,2,2035,C_mean,1453.34
EBS_Pollock_2024,2,2035,C_sd,394.431
EBS_Pollock_2024,2,2036,C_lb,875.785
EBS_Pollock_2024,2,2036,C_ub,2120.3
EBS_Pollock_2024,2,2036,C_median,1418.53
EBS_Pollock_2024,2,2036,C_mean,1442.39
EBS_Pollock_2024,2,2036,C_sd,379.818
EBS_Pollock_2024,2,2037,C_lb,873.516
EBS_Pollock_2024,2,2037,C_ub,2086.6
EBS_Pollock_2024,2,2037,C_median,1414.67
EBS_Pollock_2024,2,2037,C_mean,1440.2
EBS_Pollock_2024,2,2037,C_sd,373.726
EBS_Pollock_2024,2,2038,C_lb,872.399
EBS_Pollock_2024,2,2038,C_ub,2065.16
EBS_Pollock_2024,2,2038,C_median,1427.78
EBS_Pollock_2024,2,2038,C_mean,1440.35
EBS_Pollock_2024,2,2038,C_sd,381.713
EBS_Pollock_2024,2,2025,SSB_lb,2828.95
EBS_Pollock_2024,2,2025,SSB_ub,2828.95
EBS_Pollock_2024,2,2025,SSB_median,2828.95
EBS_Pollock_2024,2,2025,SSB_mean,2828.95
EBS_Pollock_2024,2,2026,SSB_lb,2482.49
EBS_Pollock_2024,2,2026,SSB_ub,2482.49
EBS_Pollock_2024,2,2026,SSB_median,2482.49
EBS_Pollock_2024,2,2026,SSB_mean,2482.49
EBS_Pollock_2024,2,2027,SSB_lb,2333.19
EBS_Pollock_2024,2,2027,SSB_ub,2343.18
EBS_Pollock_2024,2,2027,SSB_median,2336.03
EBS_Pollock_2024,2,2027,SSB_mean,2336.9
EBS_Pollock_2024,2,2028,SSB_lb,2212.87
EBS_Pollock_2024,2,2028,SSB_ub,2617.48
EBS_Pollock_2024,2,2028,SSB_median,2328.29
EBS_Pollock_2024,2,2028,SSB_mean,2362.53
EBS_Pollock_2024,2,2029,SSB_lb,1942.04
EBS_Pollock_2024,2,2029,SSB_ub,3023.45
EBS_Pollock_2024,2,2029,SSB_median,2271.04
EBS_Pollock_2024,2,2029,SSB_mean,2355.43
EBS_Pollock_2024,2,2030,SSB_lb,1733.25
EBS_Pollock_2024,2,2030,SSB_ub,3166.48
EBS_Pollock_2024,2,2030,SSB_median,2196.09
EBS_Pollock_2024,2,2030,SSB_mean,2298.88
EBS_Pollock_2024,2,2031,SSB_lb,1636.96
EBS_Pollock_2024,2,2031,SSB_ub,3147.14
EBS_Pollock_2024,2,2031,SSB_median,2159.52
EBS_Pollock_2024,2,2031,SSB_mean,2250.41
EBS_Pollock_2024,2,2032,SSB_lb,1594.93
EBS_Pollock_2024,2,2032,SSB_ub,3131.65
EBS_Pollock_2024,2,2032,SSB_median,2149.78
EBS_Pollock_2024,2,2032,SSB_mean,2228.24
EBS_Pollock_2024,2,2033,SSB_lb,1570.71
EBS_Pollock_2024,2,2033,SSB_ub,3107.43
EBS_Pollock_2024,2,2033,SSB_median,2114.09
EBS_Pollock_2024,2,2033,SSB_mean,2218.05
EBS_Pollock_2024,2,2034,SSB_lb,1568.91
EBS_Pollock_2024,2,2034,SSB_ub,3137.02
EBS_Pollock_2024,2,2034,SSB_median,2114.59
EBS_Pollock_2024,2,2034,SSB_mean,2198.89
EBS_Pollock_2024,2,2035,SSB_lb,1540.6
EBS_Pollock_2024,2,2035,SSB_ub,3075.45
EBS_Pollock_2024,2,2035,SSB_median,2097.91
EBS_Pollock_2024,2,2035,SSB_mean,2186.44
EBS_Pollock_2024,2,2036,SSB_lb,1581.19
EBS_Pollock_2024,2,2036,SSB_ub,3050.83
EBS_Pollock_2024,2,2036,SSB_median,2080.93
EBS_Pollock_2024,2,2036,SSB_mean,2175.87
EBS_Pollock_2024,2,2037,SSB_lb,1545.93
EBS_Pollock_2024,2,2037,SSB_ub,3011.32
EBS_Pollock_2024,2,2037,SSB_median,2090.97
EBS_Pollock_2024,2,2037,SSB_mean,2177.11
EBS_Pollock_2024,2,2038,SSB_lb,1557.59
EBS_Pollock_2024,2,2038,SSB_ub,3156.92
EBS_Pollock_2024,2,2038,SSB_median,2088.77
EBS_Pollock_2024,2,2038,SSB_mean,2191.19
EBS_Pollock_2024,2,2025,F_lb,0.204569
EBS_Pollock_2024,2,2025,F_ub,0.204569
EBS_Pollock_2024,2,2025,F_median,0.204569
EBS_Pollock_2024,2,2025,F_mean,0.204569
EBS_Pollock_2024,2,2026,F_lb,0.254916
EBS_Pollock_2024,2,2026,F_ub,0.254922
EBS_Pollock_2024,2,2026,F_median,0.25492
EBS_Pollock_2024,2,2026,F_mean,0.25492
EBS_Pollock_2024,2,2027,F_lb,0.403101
EBS_Pollock_2024,2,2027,F_ub,0.403101
EBS_Pollock_2024,2,2027,F_median,0.403101
EBS_Pollock_2024,2,2027,F_mean,0.403101
EBS_Pollock_2024,2,2028,F_lb,0.403101
EBS_Pollock_2024,2,2028,F_ub,0.403101
EBS_Pollock_2024,2,2028,F_median,0.403101
EBS_Pollock_2024,2,2028,F_mean,0.403101
EBS_Pollock_2024,2,2029,F_lb,0.368115
EBS_Pollock_2024,2,2029,F_ub,0.403101
EBS_Pollock_2024,2,2029,F_median,0.403101
EBS_Pollock_2024,2,2029,F_mean,0.397268
EBS_Pollock_2024,2,2030,F_lb,0.326235
EBS_Pollock_2024,2,2030,F_ub,0.403101
EBS_Pollock_2024,2,2030,F_median,0.403101
EBS_Pollock_2024,2,2030,F_mean,0.38548
EBS_Pollock_2024,2,2031,F_lb,0.306924
EBS_Pollock_2024,2,2031,F_ub,0.403101
EBS_Pollock_2024,2,2031,F_median,0.403101
EBS_Pollock_2024,2,2031,F_mean,0.379239
EBS_Pollock_2024,2,2032,F_lb,0.298499
EBS_Pollock_2024,2,2032,F_ub,0.403101
EBS_Pollock_2024,2,2032,F_median,0.403101
EBS_Pollock_2024,2,2032,F_mean,0.376439
EBS_Pollock_2024,2,2033,F_lb,0.293647
EBS_Pollock_2024,2,2033,F_ub,0.403101
EBS_Pollock_2024,2,2033,F_median,0.402625
EBS_Pollock_2024,2,2033,F_mean,0.374731
EBS_Pollock_2024,2,2034,F_lb,0.293293
EBS_Pollock_2024,2,2034,F_ub,0.403101
EBS_Pollock_2024,2,2034,F_median,0.402725
EBS_Pollock_2024,2,2034,F_mean,0.373563
EBS_Pollock_2024,2,2035,F_lb,0.287612
EBS_Pollock_2024,2,2035,F_ub,0.403101
EBS_Pollock_2024,2,2035,F_median,0.39938
EBS_Pollock_2024,2,2035,F_mean,0.373835
EBS_Pollock_2024,2,2036,F_lb,0.295763
EBS_Pollock_2024,2,2036,F_ub,0.403101
EBS_Pollock_2024,2,2036,F_median,0.395971
EBS_Pollock_2024,2,2036,F_mean,0.373018
EBS_Pollock_2024,2,2037,F_lb,0.288671
EBS_Pollock_2024,2,2037,F_ub,0.403101
EBS_Pollock_2024,2,2037,F_median,0.397986
EBS_Pollock_2024,2,2037,F_mean,0.372679
EBS_Pollock_2024,2,2038,F_lb,0.291017
EBS_Pollock_2024,2,2038,F_ub,0.403101
EBS_Pollock_2024,2,2038,F_median,0.397547
EBS_Pollock_2024,2,2038,F_mean,0.372391
EBS_Pollock_2024,3,2025,C_lb,1350
EBS_Pollock_2024,3,2025,C_ub,1350
EBS_Pollock_2024,3,2025,C_median,1350
EBS_Pollock_2024,3,2025,C_mean,1350
EBS_Pollock_2024,3,2025,C_sd,1.20508e-11
EBS_Pollock_2024,3,2026,C_lb,1350
EBS_Pollock_2024,3,2026,C_ub,1350
EBS_Pollock_2024,3,2026,C_median,1350
EBS_Pollock_2024,3,2026,C_mean,1350
EBS_Pollock_2024,3,2026,C_sd,2.40238e-07
EBS_Pollock_2024,3,2027,C_lb,1008.13
EBS_Pollock_2024,3,2027,C_ub,1031.01
EBS_Pollock_2024,3,2027,C_median,1014.62
EBS_Pollock_2024,3,2027,C_mean,1016.62
EBS_Pollock_2024,3,2027,C_sd,7.69827
EBS_Pollock_2024,3,2028,C_lb,980.128
EBS_Pollock_2024,3,2028,C_ub,1099.49
EBS_Pollock_2024,3,2028,C_median,1015.72
EBS_Pollock_2024,3,2028,C_mean,1024.92
EBS_Pollock_2024,3,2028,C_sd,39.5609
EBS_Pollock_2024,3,2029,C_lb,1028.77
EBS_Pollock_2024,3,2029,C_ub,1273.6
EBS_Pollock_2024,3,2029,C_median,1109.58
EBS_Pollock_2024,3,2029,C_mean,1126.97
EBS_Pollock_2024,3,2029,C_sd,80.6916
EBS_Pollock_2024,3,2030,C_lb,1007.16
EBS_Pollock_2024,3,2030,C_ub,1471.02
EBS_Pollock_2024,3,2030,C_median,1168.3
EBS_Pollock_2024,3,2030,C_mean,1197.68
EBS_Pollock_2024,3,2030,C_sd,157.321
EBS_Pollock_2024,3,2031,C_lb,950.904
EBS_Pollock_2024,3,2031,C_ub,1608.74
EBS_Pollock_2024,3,2031,C_median,1188.04
EBS_Pollock_2024,3,2031,C_mean,1223.81
EBS_Pollock_2024,3,2031,C_sd,219.602
EBS_Pollock_2024,3,2032,C_lb,887.757
EBS_Pollock_2024,3,2032,C_ub,1627.84
EBS_Pollock_2024,3,2032,C_median,1182.78
EBS_Pollock_2024,3,2032,C_mean,1214.86
EBS_Pollock_2024,3,2032,C_sd,246.366
EBS_Pollock_2024,3,2033,C_lb,865.468
EBS_Pollock_2024,3,2033,C_ub,1635.95
EBS_Pollock_2024,3,2033,C_median,1176.89
EBS_Pollock_2024,3,2033,C_mean,1203.36
EBS_Pollock_2024,3,2033,C_sd,256.576
EBS_Pollock_2024,3,2034,C_lb,857.568
EBS_Pollock_2024,3,2034,C_ub,1667.9
EBS_Pollock_2024,3,2034,C_median,1161.21
EBS_Pollock_2024,3,2034,C_mean,1198.78
EBS_Pollock_2024,3,2034,C_sd,262.044
EBS_Pollock_2024,3,2035,C_lb,836.719
EBS_Pollock_2024,3,2035,C_ub,1654.74
EBS_Pollock_2024,3,2035,C_median,1156.37
EBS_Pollock_2024,3,2035,C_mean,1190.03
EBS_Pollock_2024,3,2035,C_sd,261.892
EBS_Pollock_2024,3,2036,C_lb,826.352
EBS_Pollock_2024,3,2036,C_ub,1661.83
EBS_Pollock_2024,3,2036,C_median,1148.4
EBS_Pollock_2024,3,2036,C_mean,1182.75
EBS_Pollock_2024,3,2036,C_sd,253.288
EBS_Pollock_2024,3,2037,C_lb,827.695
EBS_Pollock_2024,3,2037,C_ub,1629.17
EBS_Pollock_2024,3,2037,C_median,1140.59
EBS_Pollock_2024,3,2037,C_mean,1178.87
EBS_Pollock_2024,3,2037,C_sd,244.562
EBS_Pollock_2024,3,2038,C_lb,831.1
EBS_Pollock_2024,3,2038,C_ub,1602.1
EBS_Pollock_2024,3,2038,C_median,1137.64
EBS_Pollock_2024,3,2038,C_mean,1176.56
EBS_Pollock_2024,3,2038,C_sd,245.741
EBS_Pollock_2024,3,2025,SSB_lb,2828.95
EBS_Pollock_2024,3,2025,SSB_ub,2828.95
EBS_Pollock_2024,3,2025,SSB_median,2828.95
EBS_Pollock_2024,3,2025,SSB_mean,2828.95
EBS_Pollock_2024,3,2026,SSB_lb,2482.49
EBS_Pollock_2024,3,2026,SSB_ub,2482.49
EBS_Pollock_2024,3,2026,SSB_median,2482.49
EBS_Pollock_2024,3,2026,SSB_mean,2482.49
EBS_Pollock_2024,3,2027,SSB_lb,2427.93
EBS_Pollock_2024,3,2027,SSB_ub,2437.95
EBS_Pollock_2024,3,2027,SSB_median,2430.78
EBS_Pollock_2024,3,2027,SSB_mean,2431.65
EBS_Pollock_2024,3,2028,SSB_lb,2544.86
EBS_Pollock_2024,3,2028,SSB_ub,2956.39
EBS_Pollock_2024,3,2028,SSB_median,2662.29
EBS_Pollock_2024,3,2028,SSB_mean,2697.12
EBS_Pollock_2024,3,2029,SSB_lb,2390.66
EBS_Pollock_2024,3,2029,SSB_ub,3533.37
EBS_Pollock_2024,3,2029,SSB_median,2749.61
EBS_Pollock_2024,3,2029,SSB_mean,2836.35
EBS_Pollock_2024,3,2030,SSB_lb,2196.36
EBS_Pollock_2024,3,2030,SSB_ub,3833.28
EBS_Pollock_2024,3,2030,SSB_median,2771.93
EBS_Pollock_2024,3,2030,SSB_mean,2872.51
EBS_Pollock_2024,3,2031,SSB_lb,2084.31
EBS_Pollock_2024,3,2031,SSB_ub,3911.51
EBS_Pollock_2024,3,2031,SSB_median,2777.3
EBS_Pollock_2024,3,2031,SSB_mean,2873.12
EBS_Pollock_2024,3,2032,SSB_lb,2015.84
EBS_Pollock_2024,3,2032,SSB_ub,3956.35
EBS_Pollock_2024,3,2032,SSB_median,2799.14
EBS_Pollock_2024,3,2032,SSB_mean,2867.12
EBS_Pollock_2024,3,2033,SSB_lb,1991.36
EBS_Pollock_2024,3,2033,SSB_ub,3966.49
EBS_Pollock_2024,3,2033,SSB_median,2773.78
EBS_Pollock_2024,3,2033,SSB_mean,2856.97
EBS_Pollock_2024,3,2034,SSB_lb,1963.79
EBS_Pollock_2024,3,2034,SSB_ub,3970.5
EBS_Pollock_2024,3,2034,SSB_median,2745.94
EBS_Pollock_2024,3,2034,SSB_mean,2833.05
EBS_Pollock_2024,3,2035,SSB_lb,1943.56
EBS_Pollock_2024,3,2035,SSB_ub,3988.88
EBS_Pollock_2024,3,2035,SSB_median,2727.94
EBS_Pollock_2024,3,2035,SSB_mean,2815.25
EBS_Pollock_2024,3,2036,SSB_lb,1941.2
EBS_Pollock_2024,3,2036,SSB_ub,3941.16
EBS_Pollock_2024,3,2036,SSB_median,2710.07
EBS_Pollock_2024,3,2036,SSB_mean,2800.48
EBS_Pollock_2024,3,2037,SSB_lb,1962.49
EBS_Pollock_2024,3,2037,SSB_ub,3857.44
EBS_Pollock_2024,3,2037,SSB_median,2694.45
EBS_Pollock_2024,3,2037,SSB_mean,2796.2
EBS_Pollock_2024,3,2038,SSB_lb,1955.2
EBS_Pollock_2024,3,2038,SSB_ub,3976.91
EBS_Pollock_2024,3,2038,SSB_median,2705.13
EBS_Pollock_2024,3,2038,SSB_mean,2806.82
EBS_Pollock_2024,3,2025,F_lb,0.204569
EBS_Pollock_2024,3,2025,F_ub,0.204569
EBS_Pollock_2024,3,2025,F_median,0.204569
EBS_Pollock_2024,3,2025,F_mean,0.204569
EBS_Pollock_2024,3,2026,F_lb,0.254916
EBS_Pollock_2024,3,2026,F_ub,0.254922
EBS_Pollock_2024,3,2026,F_median,0.25492
EBS_Pollock_2024,3,2026,F_mean,0.25492
EBS_Pollock_2024,3,2027,F_lb,0.217201
EBS_Pollock_2024,3,2027,F_ub,0.217201
EBS_Pollock_2024,3,2027,F_median,0.217201
EBS_Pollock_2024,3,2027,F_mean,0.217201
EBS_Pollock_2024,3,2028,F_lb,0.217201
EBS_Pollock_2024,3,2028,F_ub,0.217201
EBS_Pollock_2024,3,2028,F_median,0.217201
EBS_Pollock_2024,3,2028,F_mean,0.217201
EBS_Pollock_2024,3,2029,F_lb,0.217201
EBS_Pollock_2024,3,2029,F_ub,0.217201
EBS_Pollock_2024,3,2029,F_median,0.217201
EBS_Pollock_2024,3,2029,F_mean,0.217201
EBS_Pollock_2024,3,2030,F_lb,0.217201
EBS_Pollock_2024,3,2030,F_ub,0.217201
EBS_Pollock_2024,3,2030,F_median,0.217201
EBS_Pollock_2024,3,2030,F_mean,0.217201
EBS_Pollock_2024,3,2031,F_lb,0.217201
EBS_Pollock_2024,3,2031,F_ub,0.217201
EBS_Pollock_2024,3,2031,F_median,0.217201
EBS_Pollock_2024,3,2031,F_mean,0.217201
EBS_Pollock_2024,3,2032,F_lb,0.217201
EBS_Pollock_2024,3,2032,F_ub,0.217201
EBS_Pollock_2024,3,2032,F_median,0.217201
EBS_Pollock_2024,3,2032,F_mean,0.217201
EBS_Pollock_2024,3,2033,F_lb,0.217201
EBS_Pollock_2024,3,2033,F_ub,0.217201
EBS_Pollock_2024,3,2033,F_median,0.217201
EBS_Pollock_2024,3,2033,F_mean,0.217201
EBS_Pollock_2024,3,2034,F_lb,0.217201
EBS_Pollock_2024,3,2034,F_ub,0.217201
EBS_Pollock_2024,3,2034,F_median,0.217201
EBS_Pollock_2024,3,2034,F_mean,0.217201
EBS_Pollock_2024,3,2035,F_lb,0.217201
EBS_Pollock_2024,3,2035,F_ub,0.217201
EBS_Pollock_2024,3,2035,F_median,0.217201
EBS_Pollock_2024,3,2035,F_mean,0.217201
EBS_Pollock_2024,3,2036,F_lb,0.217201
EBS_Pollock_2024,3,2036,F_ub,0.217201
EBS_Pollock_2024,3,2036,F_median,0.217201
EBS_Pollock_2024,3,2036,F_mean,0.217201
EBS_Pollock_2024,3,2037,F_lb,0.217201
EBS_Pollock_2024,3,2037,F_ub,0.217201
EBS_Pollock_2024,3,2037,F_median,0.217201
EBS_Pollock_2024,3,2037,F_mean,0.217201
EBS_Pollock_2024,3,2038,F_lb,0.217201
EBS_Pollock_2024,3,2038,F_ub,0.217201
EBS_Pollock_2024,3,2038,F_median,0.217201
EBS_Pollock_2024,3,2038,F_mean,0.217201
EBS_Pollock_2024,4,2025,C_lb,1350
EBS_Pollock_2024,4,2025,C_ub,1350
EBS_Pollock_2024,4,2025,C_median,1350
EBS_Pollock_2024,4,2025,C_mean,1350
EBS_Pollock_2024,4,2025,C_sd,1.20508e-11
EBS_Pollock_2024,4,2026,C_lb,1350
EBS_Pollock_2024,4,2026,C_ub,1350
EBS_Pollock_2024,4,2026,C_median,1350
EBS_Pollock_2024,4,2026,C_mean,1350
EBS_Pollock_2024,4,2026,C_sd,2.40238e-07
EBS_Pollock_2024,4,2027,C_lb,747.492
EBS_Pollock_2024,4,2027,C_ub,763.989
EBS_Pollock_2024,4,2027,C_median,752.176
EBS_Pollock_2024,4,2027,C_mean,753.614
EBS_Pollock_2024,4,2027,C_sd,5.55113
EBS_Pollock_2024,4,2028,C_lb,760.97
EBS_Pollock_2024,4,2028,C_ub,847.568
EBS_Pollock_2024,4,2028,C_median,786.797
EBS_Pollock_2024,4,2028,C_mean,793.463
EBS_Pollock_2024,4,2028,C_sd,28.7025
EBS_Pollock_2024,4,2029,C_lb,822.98
EBS_Pollock_2024,4,2029,C_ub,1002.94
EBS_Pollock_2024,4,2029,C_median,882.456
EBS_Pollock_2024,4,2029,C_mean,895.106
EBS_Pollock_2024,4,2029,C_sd,59.1863
EBS_Pollock_2024,4,2030,C_lb,829.091
EBS_Pollock_2024,4,2030,C_ub,1181.49
EBS_Pollock_2024,4,2030,C_median,949.559
EBS_Pollock_2024,4,2030,C_mean,972.567
EBS_Pollock_2024,4,2030,C_sd,118.168
EBS_Pollock_2024,4,2031,C_lb,805.454
EBS_Pollock_2024,4,2031,C_ub,1313.04
EBS_Pollock_2024,4,2031,C_median,985.267
EBS_Pollock_2024,4,2031,C_mean,1014.44
EBS_Pollock_2024,4,2031,C_sd,169.637
EBS_Pollock_2024,4,2032,C_lb,762.75
EBS_Pollock_2024,4,2032,C_ub,1349.87
EBS_Pollock_2024,4,2032,C_median,993.624
EBS_Pollock_2024,4,2032,C_mean,1021.44
EBS_Pollock_2024,4,2032,C_sd,195.976
EBS_Pollock_2024,4,2033,C_lb,740.885
EBS_Pollock_2024,4,2033,C_ub,1370.29
EBS_Pollock_2024,4,2033,C_median,999.844
EBS_Pollock_2024,4,2033,C_mean,1019.64
EBS_Pollock_2024,4,2033,C_sd,207.382
EBS_Pollock_2024,4,2034,C_lb,739.067
EBS_Pollock_2024,4,2034,C_ub,1398.34
EBS_Pollock_2024,4,2034,C_median,992.216
EBS_Pollock_2024,4,2034,C_mean,1019.88
EBS_Pollock_2024,4,2034,C_sd,212.753
EBS_Pollock_2024,4,2035,C_lb,733.532
EBS_Pollock_2024,4,2035,C_ub,1382.16
EBS_Pollock_2024,4,2035,C_median,989.824
EBS_Pollock_2024,4,2035,C_mean,1015.39
EBS_Pollock_2024,4,2035,C_sd,214.007
EBS_Pollock_2024,4,2036,C_lb,720.875
EBS_Pollock_2024,4,2036,C_ub,1405.98
EBS_Pollock_2024,4,2036,C_median,986.757
EBS_Pollock_2024,4,2036,C_mean,1010.95
EBS_Pollock_2024,4,2036,C_sd,208.364
EBS_Pollock_2024,4,2037,C_lb,726.484
EBS_Pollock_2024,4,2037,C_ub,1375.98
EBS_Pollock_2024,4,2037,C_median,975.267
EBS_Pollock_2024,4,2037,C_mean,1008.36
EBS_Pollock_2024,4,2037,C_sd,201.216
EBS_Pollock_2024,4,2038,C_lb,724.792
EBS_Pollock_2024,4,2038,C_ub,1362.88
EBS_Pollock_2024,4,2038,C_median,976.695
EBS_Pollock_2024,4,2038,C_mean,1006.39
EBS_Pollock_2024,4,2038,C_sd,200.791
EBS_Pollock_2024,4,2025,SSB_lb,2828.95
EBS_Pollock_2024,4,2025,SSB_ub,2828.95
EBS_Pollock_2024,4,2025,SSB_median,2828.95
EBS_Pollock_2024,4,2025,SSB_mean,2828.95
EBS_Pollock_2024,4,2026,SSB_lb,2482.49
EBS_Pollock_2024,4,2026,SSB_ub,2482.49
EBS_Pollock_2024,4,2026,SSB_median,2482.49
EBS_Pollock_2024,4,2026,SSB_mean,2482.49
EBS_Pollock_2024,4,2027,SSB_lb,2460.09
EBS_Pollock_2024,4,2027,SSB_ub,2470.12
EBS_Pollock_2024,4,2027,SSB_median,2462.94
EBS_Pollock_2024,4,2027,SSB_mean,2463.81
EBS_Pollock_2024,4,2028,SSB_lb,2672.08
EBS_Pollock_2024,4,2028,SSB_ub,3085.89
EBS_Pollock_2024,4,2028,SSB_median,2790.17
EBS_Pollock_2024,4,2028,SSB_mean,2825.19
EBS_Pollock_2024,4,2029,SSB_lb,2585.86
EBS_Pollock_2024,4,2029,SSB_ub,3742.59
EBS_Pollock_2024,4,2029,SSB_median,2949
EBS_Pollock_2024,4,2029,SSB_mean,3037.62
EBS_Pollock_2024,4,2030,SSB_lb,2438.9
EBS_Pollock_2024,4,2030,SSB_ub,4124.82
EBS_Pollock_2024,4,2030,SSB_median,3029.98
EBS_Pollock_2024,4,2030,SSB_mean,3133.63
EBS_Pollock_2024,4,2031,SSB_lb,2357.79
EBS_Pollock_2024,4,2031,SSB_ub,4258.77
EBS_Pollock_2024,4,2031,SSB_median,3083.1
EBS_Pollock_2024,4,2031,SSB_mean,3181.46
EBS_Pollock_2024,4,2032,SSB_lb,2304.08
EBS_Pollock_2024,4,2032,SSB_ub,4350.6
EBS_Pollock_2024,4,2032,SSB_median,3148.57
EBS_Pollock_2024,4,2032,SSB_mean,3207.38
EBS_Pollock_2024,4,2033,SSB_lb,2295.51
EBS_Pollock_2024,4,2033,SSB_ub,4410.41
EBS_Pollock_2024,4,2033,SSB_median,3131.09
EBS_Pollock_2024,4,2033,SSB_mean,3216.03
EBS_Pollock_2024,4,2034,SSB_lb,2295.73
EBS_Pollock_2024,4,2034,SSB_ub,4416.03
EBS_Pollock_2024,4,2034,SSB_median,3112.74
EBS_Pollock_2024,4,2034,SSB_mean,3202.67
EBS_Pollock_2024,4,2035,SSB_lb,2251.71
EBS_Pollock_2024,4,2035,SSB_ub,4422.6
EBS_Pollock_2024,4,2035,SSB_median,3108.58
EBS_Pollock_2024,4,2035,SSB_mean,3190.52
EBS_Pollock_2024,4,2036,SSB_lb,2250.86
EBS_Pollock_2024,4,2036,SSB_ub,4412.49
EBS_Pollock_2024,4,2036,SSB_median,3069.59
EBS_Pollock_2024,4,2036,SSB_mean,3179.15
EBS_Pollock_2024,4,2037,SSB_lb,2276.16
EBS_Pollock_2024,4,2037,SSB_ub,4330.39
EBS_Pollock_2024,4,2037,SSB_median,3081.74
EBS_Pollock_2024,4,2037,SSB_mean,3175.57
EBS_Pollock_2024,4,2038,SSB_lb,2265.78
EBS_Pollock_2024,4,2038,SSB_ub,4423.69
EBS_Pollock_2024,4,2038,SSB_median,3071.27
EBS_Pollock_2024,4,2038,SSB_mean,3186.21
EBS_Pollock_2024,4,2025,F_lb,0.204569
EBS_Pollock_2024,4,2025,F_ub,0.204569
EBS_Pollock_2024,4,2025,F_median,0.204569
EBS_Pollock_2024,4,2025,F_mean,0.204569
EBS_Pollock_2024,4,2026,F_lb,0.254916
EBS_Pollock_2024,4,2026,F_ub,0.254922
EBS_Pollock_2024,4,2026,F_median,0.25492
EBS_Pollock_2024,4,2026,F_mean,0.25492
EBS_Pollock_2024,4,2027,F_lb,0.156404
EBS_Pollock_2024,4,2027,F_ub,0.156404
EBS_Pollock_2024,4,2027,F_median,0.156404
EBS_Pollock_2024,4,2027,F_mean,0.156404
EBS_Pollock_2024,4,2028,F_lb,0.156404
EBS_Pollock_2024,4,2028,F_ub,0.156404
EBS_Pollock_2024,4,2028,F_median,0.156404
EBS_Pollock_2024,4,2028,F_mean,0.156404
EBS_Pollock_2024,4,2029,F_lb,0.156404
EBS_Pollock_2024,4,2029,F_ub,0.156404
EBS_Pollock_2024,4,2029,F_median,0.156404
EBS_Pollock_2024,4,2029,F_mean,0.156404
EBS_Pollock_2024,4,2030,F_lb,0.156404
EBS_Pollock_2024,4,2030,F_ub,0.156404
EBS_Pollock_2024,4,2030,F_median,0.156404
EBS_Pollock_2024,4,2030,F_mean,0.156404
EBS_Pollock_2024,4,2031,F_lb,0.156404
EBS_Pollock_2024,4,2031,F_ub,0.156404
EBS_Pollock_2024,4,2031,F_median,0.156404
EBS_Pollock_2024,4,2031,F_mean,0.156404
EBS_Pollock_2024,4,2032,F_lb,0.156404
EBS_Pollock_2024,4,2032,F_ub,0.156404
EBS_Pollock_2024,4,2032,F_median,0.156404
EBS_Pollock_2024,4,2032,F_mean,0.156404
EBS_Pollock_2024,4,2033,F_lb,0.156404
EBS_Pollock_2024,4,2033,F_ub,0.156404
EBS_Pollock_2024,4,2033,F_median,0.156404
EBS_Pollock_2024,4,2033,F_mean,0.156404
EBS_Pollock_2024,4,2034,F_lb,0.156404
EBS_Pollock_2024,4,2034,F_ub,0.156404
EBS_Pollock_2024,4,2034,F_median,0.156404
EBS_Pollock_2024,4,2034,F_mean,0.156404
EBS_Pollock_2024,4,2035,F_lb,0.156404
EBS_Pollock_2024,4,2035,F_ub,0.156404
EBS_Pollock_2024,4,2035,F_median,0.156404
EBS_Pollock_2024,4,2035,F_mean,0.156404
EBS_Pollock_2024,4,2036,F_lb,0.156404
EBS_Pollock_2024,4,2036,F_ub,0.156404
EBS_Pollock_2024,4,2036,F_median,0.156404
EBS_Pollock_2024,4,2036,F_mean,0.156404
EBS_Pollock_2024,4,2037,F_lb,0.156404
EBS_Pollock_2024,4,2037,F_ub,0.156404
EBS_Pollock_2024,4,2037,F_median,0.156404
EBS_Pollock_2024,4,2037,F_mean,0.156404
EBS_Pollock_2024,4,2038,F_lb,0.156404
EBS_Pollock_2024,4,2038,F_ub,0.156404
EBS_Pollock_2024,4,2038,F_median,0.156404
EBS_Pollock_2024,4,2038,F_mean,0.156404
EBS_Pollock_2024,5,2025,C_lb,1350
EBS_Pollock_2024,5,2025,C_ub,1350
EBS_Pollock_2024,5,2025,C_median,1350
EBS_Pollock_2024,5,2025,C_mean,1350
EBS_Pollock_2024,5,2025,C_sd,1.20508e-11
EBS_Pollock_2024,5,2026,C_lb,1350
EBS_Pollock_2024,5,2026,C_ub,1350
EBS_Pollock_2024,5,2026,C_median,1350
EBS_Pollock_2024,5,2026,C_mean,1350
EBS_Pollock_2024,5,2026,C_sd,2.40238e-07
EBS_Pollock_2024,5,2027,C_lb,0
EBS_Pollock_2024,5,2027,C_ub,0
EBS_Pollock_2024,5,2027,C_median,0
EBS_Pollock_2024,5,2027,C_mean,0
EBS_Pollock_2024,5,2027,C_sd,0
EBS_Pollock_2024,5,2028,C_lb,0
EBS_Pollock_2024,5,2028,C_ub,0
EBS_Pollock_2024,5,2028,C_median,0
EBS_Pollock_2024,5,2028,C_mean,0
EBS_Pollock_2024,5,2028,C_sd,0
EBS_Pollock_2024,5,2029,C_lb,0
EBS_Pollock_2024,5,2029,C_ub,0
EBS_Pollock_2024,5,2029,C_median,0
EBS_Pollock_2024,5,2029,C_mean,0
EBS_Pollock_2024,5,2029,C_sd,0
EBS_Pollock_2024,5,2030,C_lb,0
EBS_Pollock_2024,5,2030,C_ub,0
EBS_Pollock_2024,5,2030,C_median,0
EBS_Pollock_2024,5,2030,C_mean,0
EBS_Pollock_2024,5,2030,C_sd,0
EBS_Pollock_2024,5,2031,C_lb,0
EBS_Pollock_2024,5,2031,C_ub,0
EBS_Pollock_2024,5,2031,C_median,0
EBS_Pollock_2024,5,2031,C_mean,0
EBS_Pollock_2024,5,2031,C_sd,0
EBS_Pollock_2024,5,2032,C_lb,0
EBS_Pollock_2024,5,2032,C_ub,0
EBS_Pollock_2024,5,2032,C_median,0
EBS_Pollock_2024,5,2032,C_mean,0
EBS_Pollock_2024,5,2032,C_sd,0
EBS_Pollock_2024,5,2033,C_lb,0
EBS_Pollock_2024,5,2033,C_ub,0
EBS_Pollock_2024,5,2033,C_median,0
EBS_Pollock_2024,5,2033,C_mean,0
EBS_Pollock_2024,5,2033,C_sd,0
EBS_Pollock_2024,5,2034,C_lb,0
EBS_Pollock_2024,5,2034,C_ub,0
EBS_Pollock_2024,5,2034,C_median,0
EBS_Pollock_2024,5,2034,C_mean,0
EBS_Pollock_2024,5,2034,C_sd,0
EBS_Pollock_2024,5,2035,C_lb,0
EBS_Pollock_2024,5,2035,C_ub,0
EBS_Pollock_2024,5,2035,C_median,0
EBS_Pollock_2024,5,2035,C_mean,0
EBS_Pollock_2024,5,2035,C_sd,0
EBS_Pollock_2024,5,2036,C_lb,0
EBS_Pollock_2024,5,2036,C_ub,0
EBS_Pollock_2024,5,2036,C_median,0
EBS_Pollock_2024,5,2036,C_mean,0
EBS_Pollock_2024,5,2036,C_sd,0
EBS_Pollock_2024,5,2037,C_lb,0
EBS_Pollock_2024,5,2037,C_ub,0
EBS_Pollock_2024,5,2037,C_median,0
EBS_Pollock_2024,5,2037,C_mean,0
EBS_Pollock_2024,5,2037,C_sd,0
EBS_Pollock_2024,5,2038,C_lb,0
EBS_Pollock_2024,5,2038,C_ub,0
EBS_Pollock_2024,5,2038,C_median,0
EBS_Pollock_2024,5,2038,C_mean,0
EBS_Pollock_2024,5,2038,C_sd,0
EBS_Pollock_2024,5,2025,SSB_lb,2828.95
EBS_Pollock_2024,5,2025,SSB_ub,2828.95
EBS_Pollock_2024,5,2025,SSB_median,2828.95
EBS_Pollock_2024,5,2025,SSB_mean,2828.95
EBS_Pollock_2024,5,2026,SSB_lb,2482.49
EBS_Pollock_2024,5,2026,SSB_ub,2482.49
EBS_Pollock_2024,5,2026,SSB_median,2482.49
EBS_Pollock_2024,5,2026,SSB_mean,2482.49
EBS_Pollock_2024,5,2027,SSB_lb,2545.61
EBS_Pollock_2024,5,2027,SSB_ub,2555.66
EBS_Pollock_2024,5,2027,SSB_median,2548.47
EBS_Pollock_2024,5,2027,SSB_mean,2549.34
EBS_Pollock_2024,5,2028,SSB_lb,3051.89
EBS_Pollock_2024,5,2028,SSB_ub,3471.65
EBS_Pollock_2024,5,2028,SSB_median,3171.71
EBS_Pollock_2024,5,2028,SSB_mean,3207.24
EBS_Pollock_2024,5,2029,SSB_lb,3228.37
EBS_Pollock_2024,5,2029,SSB_ub,4426.71
EBS_Pollock_2024,5,2029,SSB_median,3602.36
EBS_Pollock_2024,5,2029,SSB_mean,3696.47
EBS_Pollock_2024,5,2030,SSB_lb,3318.01
EBS_Pollock_2024,5,2030,SSB_ub,5135.7
EBS_Pollock_2024,5,2030,SSB_median,3951.37
EBS_Pollock_2024,5,2030,SSB_mean,4061.5
EBS_Pollock_2024,5,2031,SSB_lb,3447.51
EBS_Pollock_2024,5,2031,SSB_ub,5569.15
EBS_Pollock_2024,5,2031,SSB_median,4259.31
EBS_Pollock_2024,5,2031,SSB_mean,4364.61
EBS_Pollock_2024,5,2032,SSB_lb,3571.91
EBS_Pollock_2024,5,2032,SSB_ub,5963.56
EBS_Pollock_2024,5,2032,SSB_median,4536.36
EBS_Pollock_2024,5,2032,SSB_mean,4614.54
EBS_Pollock_2024,5,2033,SSB_lb,3666.61
EBS_Pollock_2024,5,2033,SSB_ub,6304.29
EBS_Pollock_2024,5,2033,SSB_median,4695.84
EBS_Pollock_2024,5,2033,SSB_mean,4803.57
EBS_Pollock_2024,5,2034,SSB_lb,3735.02
EBS_Pollock_2024,5,2034,SSB_ub,6432.08
EBS_Pollock_2024,5,2034,SSB_median,4809.77
EBS_Pollock_2024,5,2034,SSB_mean,4929.02
EBS_Pollock_2024,5,2035,SSB_lb,3827.84
EBS_Pollock_2024,5,2035,SSB_ub,6616.98
EBS_Pollock_2024,5,2035,SSB_median,4921.62
EBS_Pollock_2024,5,2035,SSB_mean,5021
EBS_Pollock_2024,5,2036,SSB_lb,3862.23
EBS_Pollock_2024,5,2036,SSB_ub,6675.61
EBS_Pollock_2024,5,2036,SSB_median,5001.96
EBS_Pollock_2024,5,2036,SSB_mean,5092.63
EBS_Pollock_2024,5,2037,SSB_lb,3916.94
EBS_Pollock_2024,5,2037,SSB_ub,6722.54
EBS_Pollock_2024,5,2037,SSB_median,5041.4
EBS_Pollock_2024,5,2037,SSB_mean,5145.49
EBS_Pollock_2024,5,2038,SSB_lb,3967.92
EBS_Pollock_2024,5,2038,SSB_ub,6753.53
EBS_Pollock_2024,5,2038,SSB_median,5069.91
EBS_Pollock_2024,5,2038,SSB_mean,5196.53
EBS_Pollock_2024,5,2025,F_lb,0.204569
EBS_Pollock_2024,5,2025,F_ub,0.204569
EBS_Pollock_2024,5,2025,F_median,0.204569
EBS_Pollock_2024,5,2025,F_mean,0.204569
EBS_Pollock_2024,5,2026,F_lb,0.254916
EBS_Pollock_2024,5,2026,F_ub,0.254922
EBS_Pollock_2024,5,2026,F_median,0.25492
EBS_Pollock_2024,5,2026,F_mean,0.25492
EBS_Pollock_2024,5,2027,F_lb,0
EBS_Pollock_2024,5,2027,F_ub,0
EBS_Pollock_2024,5,2027,F_median,0
EBS_Pollock_2024,5,2027,F_mean,0
EBS_Pollock_2024,5,2028,F_lb,0
EBS_Pollock_2024,5,2028,F_ub,0
EBS_Pollock_2024,5,2028,F_median,0
EBS_Pollock_2024,5,2028,F_mean,0
EBS_Pollock_2024,5,2029,F_lb,0
EBS_Pollock_2024,5,2029,F_ub,0
EBS_Pollock_2024,5,2029,F_median,0
EBS_Pollock_2024,5,2029,F_mean,0
EBS_Pollock_2024,5,2030,F_lb,0
EBS_Pollock_2024,5,2030,F_ub,0
EBS_Pollock_2024,5,2030,F_median,0
EBS_Pollock_2024,5,2030,F_mean,0
EBS_Pollock_2024,5,2031,F_lb,0
EBS_Pollock_2024,5,2031,F_ub,0
EBS_Pollock_2024,5,2031,F_median,0
EBS_Pollock_2024,5,2031,F_mean,0
EBS_Pollock_2024,5,2032,F_lb,0
EBS_Pollock_2024,5,2032,F_ub,0
EBS_Pollock_2024,5,2032,F_median,0
EBS_Pollock_2024,5,2032,F_mean,0
EBS_Pollock_2024,5,2033,F_lb,0
EBS_Pollock_2024,5,2033,F_ub,0
EBS_Pollock_2024,5,2033,F_median,0
EBS_Pollock_2024,5,2033,F_mean,0
EBS_Pollock_2024,5,2034,F_lb,0
EBS_Pollock_2024,5,2034,F_ub,0
EBS_Pollock_2024,5,2034,F_median,0
EBS_Pollock_2024,5,2034,F_mean,0
EBS_Pollock_2024,5,2035,F_lb,0
EBS_Pollock_2024,5,2035,F_ub,0
EBS_Pollock_2024,5,2035,F_median,0
EBS_Pollock_2024,5,2035,F_mean,0
EBS_Pollock_2024,5,2036,F_lb,0
EBS_Pollock_2024,5,2036,F_ub,0
EBS_Pollock_2024,5,2036,F_median,0
EBS_Pollock_2024,5,2036,F_mean,0
EBS_Pollock_2024,5,2037,F_lb,0
EBS_Pollock_2024,5,2037,F_ub,0
EBS_Pollock_2024,5,2037,F_median,0
EBS_Pollock_2024,5,2037,F_mean,0
EBS_Pollock_2024,5,2038,F_lb,0
EBS_Pollock_2024,5,2038,F_ub,0
EBS_Pollock_2024,5,2038,F_median,0
EBS_Pollock_2024,5,2038,F_mean,0
EBS_Pollock_2024,6,2025,C_lb,1350
EBS_Pollock_2024,6,2025,C_ub,1350
EBS_Pollock_2024,6,2025,C_median,1350
EBS_Pollock_2024,6,2025,C_mean,1350
EBS_Pollock_2024,6,2025,C_sd,1.20508e-11
EBS_Pollock_2024,6,2026,C_lb,2418.56
EBS_Pollock_2024,6,2026,C_ub,2418.61
EBS_Pollock_2024,6,2026,C_median,2418.57
EBS_Pollock_2024,6,2026,C_mean,2418.58
EBS_Pollock_2024,6,2026,C_sd,0.0173339
EBS_Pollock_2024,6,2027,C_lb,1587.18
EBS_Pollock_2024,6,2027,C_ub,1643.97
EBS_Pollock_2024,6,2027,C_median,1603.26
EBS_Pollock_2024,6,2027,C_mean,1608.23
EBS_Pollock_2024,6,2027,C_sd,19.1404
EBS_Pollock_2024,6,2028,C_lb,1413.66
EBS_Pollock_2024,6,2028,C_ub,1810.6
EBS_Pollock_2024,6,2028,C_median,1559.98
EBS_Pollock_2024,6,2028,C_mean,1583.44
EBS_Pollock_2024,6,2028,C_sd,128.987
EBS_Pollock_2024,6,2029,C_lb,1286.89
EBS_Pollock_2024,6,2029,C_ub,2047.08
EBS_Pollock_2024,6,2029,C_median,1633.45
EBS_Pollock_2024,6,2029,C_mean,1652.81
EBS_Pollock_2024,6,2029,C_sd,247.428
EBS_Pollock_2024,6,2030,C_lb,1127.66
EBS_Pollock_2024,6,2030,C_ub,2293.09
EBS_Pollock_2024,6,2030,C_median,1603.96
EBS_Pollock_2024,6,2030,C_mean,1648.72
EBS_Pollock_2024,6,2030,C_sd,384.999
EBS_Pollock_2024,6,2031,C_lb,992.774
EBS_Pollock_2024,6,2031,C_ub,2336.14
EBS_Pollock_2024,6,2031,C_median,1560.93
EBS_Pollock_2024,6,2031,C_mean,1608.38
EBS_Pollock_2024,6,2031,C_sd,446.062
EBS_Pollock_2024,6,2032,C_lb,928.971
EBS_Pollock_2024,6,2032,C_ub,2326.19
EBS_Pollock_2024,6,2032,C_median,1542.12
EBS_Pollock_2024,6,2032,C_mean,1570.93
EBS_Pollock_2024,6,2032,C_sd,448.652
EBS_Pollock_2024,6,2033,C_lb,918.695
EBS_Pollock_2024,6,2033,C_ub,2326.41
EBS_Pollock_2024,6,2033,C_median,1495.74
EBS_Pollock_2024,6,2033,C_mean,1553.16
EBS_Pollock_2024,6,2033,C_sd,453.803
EBS_Pollock_2024,6,2034,C_lb,923.21
EBS_Pollock_2024,6,2034,C_ub,2340.45
EBS_Pollock_2024,6,2034,C_median,1497.04
EBS_Pollock_2024,6,2034,C_mean,1549.5
EBS_Pollock_2024,6,2034,C_sd,461.402
EBS_Pollock_2024,6,2035,C_lb,885.007
EBS_Pollock_2024,6,2035,C_ub,2289.08
EBS_Pollock_2024,6,2035,C_median,1491.72
EBS_Pollock_2024,6,2035,C_mean,1538.25
EBS_Pollock_2024,6,2035,C_sd,446.993
EBS_Pollock_2024,6,2036,C_lb,922.71
EBS_Pollock_2024,6,2036,C_ub,2285.81
EBS_Pollock_2024,6,2036,C_median,1467.41
EBS_Pollock_2024,6,2036,C_mean,1528.16
EBS_Pollock_2024,6,2036,C_sd,431.698
EBS_Pollock_2024,6,2037,C_lb,895.369
EBS_Pollock_2024,6,2037,C_ub,2257.31
EBS_Pollock_2024,6,2037,C_median,1478.1
EBS_Pollock_2024,6,2037,C_mean,1529.03
EBS_Pollock_2024,6,2037,C_sd,428.129
EBS_Pollock_2024,6,2038,C_lb,889.712
EBS_Pollock_2024,6,2038,C_ub,2282.65
EBS_Pollock_2024,6,2038,C_median,1479.01
EBS_Pollock_2024,6,2038,C_mean,1530.66
EBS_Pollock_2024,6,2038,C_sd,439.64
EBS_Pollock_2024,6,2025,SSB_lb,2828.95
EBS_Pollock_2024,6,2025,SSB_ub,2828.95
EBS_Pollock_2024,6,2025,SSB_median,2828.95
EBS_Pollock_2024,6,2025,SSB_mean,2828.95
EBS_Pollock_2024,6,2026,SSB_lb,2313.63
EBS_Pollock_2024,6,2026,SSB_ub,2313.63
EBS_Pollock_2024,6,2026,SSB_median,2313.63
EBS_Pollock_2024,6,2026,SSB_mean,2313.63
EBS_Pollock_2024,6,2027,SSB_lb,1938.39
EBS_Pollock_2024,6,2027,SSB_ub,1947.49
EBS_Pollock_2024,6,2027,SSB_median,1940.97
EBS_Pollock_2024,6,2027,SSB_mean,1941.76
EBS_Pollock_2024,6,2028,SSB_lb,1924.48
EBS_Pollock_2024,6,2028,SSB_ub,2307.28
EBS_Pollock_2024,6,2028,SSB_median,2029.54
EBS_Pollock_2024,6,2028,SSB_mean,2062.99
EBS_Pollock_2024,6,2029,SSB_lb,1720.72
EBS_Pollock_2024,6,2029,SSB_ub,2709.57
EBS_Pollock_2024,6,2029,SSB_median,2013.99
EBS_Pollock_2024,6,2029,SSB_mean,2090.29
EBS_Pollock_2024,6,2030,SSB_lb,1548.09
EBS_Pollock_2024,6,2030,SSB_ub,2828.02
EBS_Pollock_2024,6,2030,SSB_median,1957.21
EBS_Pollock_2024,6,2030,SSB_mean,2049.47
EBS_Pollock_2024,6,2031,SSB_lb,1479.9
EBS_Pollock_2024,6,2031,SSB_ub,2816.79
EBS_Pollock_2024,6,2031,SSB_median,1937.92
EBS_Pollock_2024,6,2031,SSB_mean,2010.05
EBS_Pollock_2024,6,2032,SSB_lb,1438.42
EBS_Pollock_2024,6,2032,SSB_ub,2787.62
EBS_Pollock_2024,6,2032,SSB_median,1920.51
EBS_Pollock_2024,6,2032,SSB_mean,1996.51
EBS_Pollock_2024,6,2033,SSB_lb,1425.11
EBS_Pollock_2024,6,2033,SSB_ub,2786.44
EBS_Pollock_2024,6,2033,SSB_median,1912.27
EBS_Pollock_2024,6,2033,SSB_mean,1992.44
EBS_Pollock_2024,6,2034,SSB_lb,1419.3
EBS_Pollock_2024,6,2034,SSB_ub,2796.1
EBS_Pollock_2024,6,2034,SSB_median,1911.73
EBS_Pollock_2024,6,2034,SSB_mean,1976.9
EBS_Pollock_2024,6,2035,SSB_lb,1403.56
EBS_Pollock_2024,6,2035,SSB_ub,2758.85
EBS_Pollock_2024,6,2035,SSB_median,1901.86
EBS_Pollock_2024,6,2035,SSB_mean,1967.13
EBS_Pollock_2024,6,2036,SSB_lb,1426.62
EBS_Pollock_2024,6,2036,SSB_ub,2719.63
EBS_Pollock_2024,6,2036,SSB_median,1884.77
EBS_Pollock_2024,6,2036,SSB_mean,1958.84
EBS_Pollock_2024,6,2037,SSB_lb,1399.17
EBS_Pollock_2024,6,2037,SSB_ub,2715.9
EBS_Pollock_2024,6,2037,SSB_median,1888.9
EBS_Pollock_2024,6,2037,SSB_mean,1961.81
EBS_Pollock_2024,6,2038,SSB_lb,1411.84
EBS_Pollock_2024,6,2038,SSB_ub,2810.22
EBS_Pollock_2024,6,2038,SSB_median,1889.14
EBS_Pollock_2024,6,2038,SSB_mean,1976.07
EBS_Pollock_2024,6,2025,F_lb,0.204569
EBS_Pollock_2024,6,2025,F_ub,0.204569
EBS_Pollock_2024,6,2025,F_median,0.204569
EBS_Pollock_2024,6,2025,F_mean,0.204569
EBS_Pollock_2024,6,2026,F_lb,0.525851
EBS_Pollock_2024,6,2026,F_ub,0.525851
EBS_Pollock_2024,6,2026,F_median,0.525851
EBS_Pollock_2024,6,2026,F_mean,0.525851
EBS_Pollock_2024,6,2027,F_lb,0.479353
EBS_Pollock_2024,6,2027,F_ub,0.481735
EBS_Pollock_2024,6,2027,F_median,0.48003
EBS_Pollock_2024,6,2027,F_mean,0.480237
EBS_Pollock_2024,6,2028,F_lb,0.475689
EBS_Pollock_2024,6,2028,F_ub,0.525851
EBS_Pollock_2024,6,2028,F_median,0.503186
EBS_Pollock_2024,6,2028,F_mean,0.503928
EBS_Pollock_2024,6,2029,F_lb,0.422363
EBS_Pollock_2024,6,2029,F_ub,0.525851
EBS_Pollock_2024,6,2029,F_median,0.499122
EBS_Pollock_2024,6,2029,F_mean,0.489697
EBS_Pollock_2024,6,2030,F_lb,0.377184
EBS_Pollock_2024,6,2030,F_ub,0.525851
EBS_Pollock_2024,6,2030,F_median,0.484265
EBS_Pollock_2024,6,2030,F_mean,0.47356
EBS_Pollock_2024,6,2031,F_lb,0.359345
EBS_Pollock_2024,6,2031,F_ub,0.525851
EBS_Pollock_2024,6,2031,F_median,0.479212
EBS_Pollock_2024,6,2031,F_mean,0.465975
EBS_Pollock_2024,6,2032,F_lb,0.34849
EBS_Pollock_2024,6,2032,F_ub,0.525851
EBS_Pollock_2024,6,2032,F_median,0.474637
EBS_Pollock_2024,6,2032,F_mean,0.463135
EBS_Pollock_2024,6,2033,F_lb,0.345014
EBS_Pollock_2024,6,2033,F_ub,0.525851
EBS_Pollock_2024,6,2033,F_median,0.472489
EBS_Pollock_2024,6,2033,F_mean,0.460849
EBS_Pollock_2024,6,2034,F_lb,0.343498
EBS_Pollock_2024,6,2034,F_ub,0.525851
EBS_Pollock_2024,6,2034,F_median,0.472363
EBS_Pollock_2024,6,2034,F_mean,0.45903
EBS_Pollock_2024,6,2035,F_lb,0.339381
EBS_Pollock_2024,6,2035,F_ub,0.525851
EBS_Pollock_2024,6,2035,F_median,0.469782
EBS_Pollock_2024,6,2035,F_mean,0.458884
EBS_Pollock_2024,6,2036,F_lb,0.345402
EBS_Pollock_2024,6,2036,F_ub,0.525851
EBS_Pollock_2024,6,2036,F_median,0.465289
EBS_Pollock_2024,6,2036,F_mean,0.457972
EBS_Pollock_2024,6,2037,F_lb,0.338229
EBS_Pollock_2024,6,2037,F_ub,0.525851
EBS_Pollock_2024,6,2037,F_median,0.466378
EBS_Pollock_2024,6,2037,F_mean,0.457997
EBS_Pollock_2024,6,2038,F_lb,0.341524
EBS_Pollock_2024,6,2038,F_ub,0.525851
EBS_Pollock_2024,6,2038,F_median,0.466449
EBS_Pollock_2024,6,2038,F_mean,0.457744
EBS_Pollock_2024,7,2025,C_lb,1350
EBS_Pollock_2024,7,2025,C_ub,1350
EBS_Pollock_2024,7,2025,C_median,1350
EBS_Pollock_2024,7,2025,C_mean,1350
EBS_Pollock_2024,7,2025,C_sd,1.20508e-11
EBS_Pollock_2024,7,2026,C_lb,1972.99
EBS_Pollock_2024,7,2026,C_ub,1973.02
EBS_Pollock_2024,7,2026,C_median,1973
EBS_Pollock_2024,7,2026,C_mean,1973
EBS_Pollock_2024,7,2026,C_sd,0.0132877
EBS_Pollock_2024,7,2027,C_lb,1516.51
EBS_Pollock_2024,7,2027,C_ub,1558.78
EBS_Pollock_2024,7,2027,C_median,1528.51
EBS_Pollock_2024,7,2027,C_mean,1532.19
EBS_Pollock_2024,7,2027,C_sd,14.2238
EBS_Pollock_2024,7,2028,C_lb,1659.2
EBS_Pollock_2024,7,2028,C_ub,1976.48
EBS_Pollock_2024,7,2028,C_median,1780
EBS_Pollock_2024,7,2028,C_mean,1795.5
EBS_Pollock_2024,7,2028,C_sd,99.9183
EBS_Pollock_2024,7,2029,C_lb,1360.32
EBS_Pollock_2024,7,2029,C_ub,2131.39
EBS_Pollock_2024,7,2029,C_median,1736.76
EBS_Pollock_2024,7,2029,C_mean,1736.45
EBS_Pollock_2024,7,2029,C_sd,248.01
EBS_Pollock_2024,7,2030,C_lb,1147.53
EBS_Pollock_2024,7,2030,C_ub,2335.23
EBS_Pollock_2024,7,2030,C_median,1636.92
EBS_Pollock_2024,7,2030,C_mean,1678.88
EBS_Pollock_2024,7,2030,C_sd,391.575
EBS_Pollock_2024,7,2031,C_lb,996.089
EBS_Pollock_2024,7,2031,C_ub,2356.07
EBS_Pollock_2024,7,2031,C_median,1565.6
EBS_Pollock_2024,7,2031,C_mean,1617.08
EBS_Pollock_2024,7,2031,C_sd,449.757
EBS_Pollock_2024,7,2032,C_lb,928.32
EBS_Pollock_2024,7,2032,C_ub,2325.82
EBS_Pollock_2024,7,2032,C_median,1546.3
EBS_Pollock_2024,7,2032,C_mean,1572.42
EBS_Pollock_2024,7,2032,C_sd,449.816
EBS_Pollock_2024,7,2033,C_lb,918.542
EBS_Pollock_2024,7,2033,C_ub,2326.55
EBS_Pollock_2024,7,2033,C_median,1495.66
EBS_Pollock_2024,7,2033,C_mean,1553.02
EBS_Pollock_2024,7,2033,C_sd,454.044
EBS_Pollock_2024,7,2034,C_lb,922.876
EBS_Pollock_2024,7,2034,C_ub,2339.91
EBS_Pollock_2024,7,2034,C_median,1497.68
EBS_Pollock_2024,7,2034,C_mean,1549.28
EBS_Pollock_2024,7,2034,C_sd,461.437
EBS_Pollock_2024,7,2035,C_lb,884.951
EBS_Pollock_2024,7,2035,C_ub,2288.82
EBS_Pollock_2024,7,2035,C_median,1491.78
EBS_Pollock_2024,7,2035,C_mean,1538.15
EBS_Pollock_2024,7,2035,C_sd,446.996
EBS_Pollock_2024,7,2036,C_lb,922.698
EBS_Pollock_2024,7,2036,C_ub,2285.79
EBS_Pollock_2024,7,2036,C_median,1467.33
EBS_Pollock_2024,7,2036,C_mean,1528.13
EBS_Pollock_2024,7,2036,C_sd,431.698
EBS_Pollock_2024,7,2037,C_lb,895.337
EBS_Pollock_2024,7,2037,C_ub,2257.26
EBS_Pollock_2024,7,2037,C_median,1478.1
EBS_Pollock_2024,7,2037,C_mean,1529.03
EBS_Pollock_2024,7,2037,C_sd,428.129
EBS_Pollock_2024,7,2038,C_lb,889.702
EBS_Pollock_2024,7,2038,C_ub,2282.66
EBS_Pollock_2024,7,2038,C_median,1479.01
EBS_Pollock_2024,7,2038,C_mean,1530.66
EBS_Pollock_2024,7,2038,C_sd,439.64
EBS_Pollock_2024,7,2025,SSB_lb,2828.95
EBS_Pollock_2024,7,2025,SSB_ub,2828.95
EBS_Pollock_2024,7,2025,SSB_median,2828.95
EBS_Pollock_2024,7,2025,SSB_mean,2828.95
EBS_Pollock_2024,7,2026,SSB_lb,2388.22
EBS_Pollock_2024,7,2026,SSB_ub,2388.22
EBS_Pollock_2024,7,2026,SSB_median,2388.22
EBS_Pollock_2024,7,2026,SSB_mean,2388.22
EBS_Pollock_2024,7,2027,SSB_lb,2118.26
EBS_Pollock_2024,7,2027,SSB_ub,2128.24
EBS_Pollock_2024,7,2027,SSB_median,2121.1
EBS_Pollock_2024,7,2027,SSB_mean,2121.97
EBS_Pollock_2024,7,2028,SSB_lb,2059.82
EBS_Pollock_2024,7,2028,SSB_ub,2456.96
EBS_Pollock_2024,7,2028,SSB_median,2169.29
EBS_Pollock_2024,7,2028,SSB_mean,2204.22
EBS_Pollock_2024,7,2029,SSB_lb,1763.3
EBS_Pollock_2024,7,2029,SSB_ub,2784.41
EBS_Pollock_2024,7,2029,SSB_median,2062.24
EBS_Pollock_2024,7,2029,SSB_mean,2145.35
EBS_Pollock_2024,7,2030,SSB_lb,1559.44
EBS_Pollock_2024,7,2030,SSB_ub,2855.46
EBS_Pollock_2024,7,2030,SSB_median,1974.81
EBS_Pollock_2024,7,2030,SSB_mean,2068.46
EBS_Pollock_2024,7,2031,SSB_lb,1483.6
EBS_Pollock_2024,7,2031,SSB_ub,2831.39
EBS_Pollock_2024,7,2031,SSB_median,1941.4
EBS_Pollock_2024,7,2031,SSB_mean,2015.25
EBS_Pollock_2024,7,2032,SSB_lb,1438.1
EBS_Pollock_2024,7,2032,SSB_ub,2788.44
EBS_Pollock_2024,7,2032,SSB_median,1921.78
EBS_Pollock_2024,7,2032,SSB_mean,1997.45
EBS_Pollock_2024,7,2033,SSB_lb,1424.9
EBS_Pollock_2024,7,2033,SSB_ub,2786.04
EBS_Pollock_2024,7,2033,SSB_median,1911.95
EBS_Pollock_2024,7,2033,SSB_mean,1992.44
EBS_Pollock_2024,7,2034,SSB_lb,1419.2
EBS_Pollock_2024,7,2034,SSB_ub,2795.74
EBS_Pollock_2024,7,2034,SSB_median,1911.64
EBS_Pollock_2024,7,2034,SSB_mean,1976.83
EBS_Pollock_2024,7,2035,SSB_lb,1403.5
EBS_Pollock_2024,7,2035,SSB_ub,2758.83
EBS_Pollock_2024,7,2035,SSB_median,1901.84
EBS_Pollock_2024,7,2035,SSB_mean,1967.09
EBS_Pollock_2024,7,2036,SSB_lb,1426.63
EBS_Pollock_2024,7,2036,SSB_ub,2719.6
EBS_Pollock_2024,7,2036,SSB_median,1884.77
EBS_Pollock_2024,7,2036,SSB_mean,1958.83
EBS_Pollock_2024,7,2037,SSB_lb,1399.17
EBS_Pollock_2024,7,2037,SSB_ub,2715.94
EBS_Pollock_2024,7,2037,SSB_median,1888.89
EBS_Pollock_2024,7,2037,SSB_mean,1961.81
EBS_Pollock_2024,7,2038,SSB_lb,1411.84
EBS_Pollock_2024,7,2038,SSB_ub,2810.22
EBS_Pollock_2024,7,2038,SSB_median,1889.14
EBS_Pollock_2024,7,2038,SSB_mean,1976.07
EBS_Pollock_2024,7,2025,F_lb,0.204569
EBS_Pollock_2024,7,2025,F_ub,0.204569
EBS_Pollock_2024,7,2025,F_median,0.204569
EBS_Pollock_2024,7,2025,F_mean,0.204569
EBS_Pollock_2024,7,2026,F_lb,0.403101
EBS_Pollock_2024,7,2026,F_ub,0.403101
EBS_Pollock_2024,7,2026,F_median,0.403101
EBS_Pollock_2024,7,2026,F_mean,0.403101
EBS_Pollock_2024,7,2027,F_lb,0.403101
EBS_Pollock_2024,7,2027,F_ub,0.403101
EBS_Pollock_2024,7,2027,F_median,0.403101
EBS_Pollock_2024,7,2027,F_mean,0.403101
EBS_Pollock_2024,7,2028,F_lb,0.511139
EBS_Pollock_2024,7,2028,F_ub,0.525851
EBS_Pollock_2024,7,2028,F_median,0.525851
EBS_Pollock_2024,7,2028,F_mean,0.523466
EBS_Pollock_2024,7,2029,F_lb,0.433508
EBS_Pollock_2024,7,2029,F_ub,0.525851
EBS_Pollock_2024,7,2029,F_median,0.511756
EBS_Pollock_2024,7,2029,F_mean,0.49702
EBS_Pollock_2024,7,2030,F_lb,0.380154
EBS_Pollock_2024,7,2030,F_ub,0.525851
EBS_Pollock_2024,7,2030,F_median,0.488872
EBS_Pollock_2024,7,2030,F_mean,0.476048
EBS_Pollock_2024,7,2031,F_lb,0.360304
EBS_Pollock_2024,7,2031,F_ub,0.525851
EBS_Pollock_2024,7,2031,F_median,0.480125
EBS_Pollock_2024,7,2031,F_mean,0.466629
EBS_Pollock_2024,7,2032,F_lb,0.348408
EBS_Pollock_2024,7,2032,F_ub,0.525851
EBS_Pollock_2024,7,2032,F_median,0.475015
EBS_Pollock_2024,7,2032,F_mean,0.46324
EBS_Pollock_2024,7,2033,F_lb,0.34496
EBS_Pollock_2024,7,2033,F_ub,0.525851
EBS_Pollock_2024,7,2033,F_median,0.472403
EBS_Pollock_2024,7,2033,F_mean,0.460837
EBS_Pollock_2024,7,2034,F_lb,0.343472
EBS_Pollock_2024,7,2034,F_ub,0.525851
EBS_Pollock_2024,7,2034,F_median,0.472326
EBS_Pollock_2024,7,2034,F_mean,0.459016
EBS_Pollock_2024,7,2035,F_lb,0.339364
EBS_Pollock_2024,7,2035,F_ub,0.525851
EBS_Pollock_2024,7,2035,F_median,0.469777
EBS_Pollock_2024,7,2035,F_mean,0.458878
EBS_Pollock_2024,7,2036,F_lb,0.345405
EBS_Pollock_2024,7,2036,F_ub,0.525851
EBS_Pollock_2024,7,2036,F_median,0.465289
EBS_Pollock_2024,7,2036,F_mean,0.457971
EBS_Pollock_2024,7,2037,F_lb,0.338228
EBS_Pollock_2024,7,2037,F_ub,0.525851
EBS_Pollock_2024,7,2037,F_median,0.466377
EBS_Pollock_2024,7,2037,F_mean,0.457997
EBS_Pollock_2024,7,2038,F_lb,0.341525
EBS_Pollock_2024,7,2038,F_ub,0.525851
EBS_Pollock_2024,7,2038,F_median,0.466448
EBS_Pollock_2024,7,2038,F_mean,0.457744
