year,age,original_proportion,tinyvast_proportion,percent_change,direction
1982,1,0.081799774,0.089187542,9.031526175121204,Increase
1982,2,0.206616307,0.206423123,-0.09349891245515916,Decrease
1982,3,0.240695763,0.237719192,-1.2366528446119807,Decrease
1982,4,0.325157454,0.322971743,-0.6722007978325585,Decrease
1982,5,0.110200813,0.108765269,-1.3026618959698573,Decrease
1982,6,0.014712627,0.014438296,-1.8645956293189578,Decrease
1982,7,0.009494824,0.009304993,-1.9993103610978087,Decrease
1982,8,0.004549484,0.004476655,-1.6008189060561582,Decrease
1982,9,0.002816221,0.002780327,-1.2745448599381888,Decrease
1982,10,0.001772199,0.001750067,-1.2488439503690054,Decrease
1982,11,0.001091252,0.001088321,-0.2685905730298841,Decrease
1982,12,6.45744e-4,6.45124e-4,-0.09601328080477779,Decrease
1982,13,2.40573e-4,2.42168e-4,0.6630004198309816,Increase
1982,14,1.04715e-4,1.0465e-4,-0.062073246430795016,Decrease
1982,15,1.02248e-4,1.0253e-4,0.2758000156482229,Increase
1983,1,0.173609874,0.175060977,0.8358412840043932,Increase
1983,2,0.04102089,0.042126605,2.6954924673745504,Increase
1983,3,0.111770401,0.111433958,-0.3010126088748717,Decrease
1983,4,0.174452557,0.175661228,0.6928365056867549,Increase
1983,5,0.359141639,0.355527783,-1.0062481226244073,Decrease
1983,6,0.103655749,0.103209639,-0.4303765148617078,Decrease
1983,7,0.017588167,0.017649056,0.34619298304366497,Increase
1983,8,0.007956587,0.0081273,2.14555562579786,Increase
1983,9,0.003641429,0.003768753,3.4965394080181236,Increase
1983,10,0.003270445,0.003384991,3.5024591454679745,Increase
1983,11,0.002328238,0.002410662,3.5401879017523217,Increase
1983,12,8.44045e-4,8.83381e-4,4.660415025265248,Increase
1983,13,3.10354e-4,3.21786e-4,3.683535575504109,Increase
1983,14,2.78799e-4,2.96683e-4,6.414657154437434,Increase
1983,15,1.30827e-4,1.37198e-4,4.869789875178669,Increase
1984,1,0.037021504,0.038037187,2.743494699729118,Increase
1984,2,0.030423498,0.031542345,3.677575142739994,Increase
1984,3,0.061445391,0.063527303,3.3882313483854163,Increase
1984,4,0.172746111,0.174528759,1.0319468204988984,Increase
1984,5,0.191264919,0.190412534,-0.445656738547026,Decrease
1984,6,0.407021112,0.402063721,-1.217969007956529,Decrease
1984,7,0.072024211,0.071478743,-0.7573397784253509,Decrease
1984,8,0.015424055,0.015532655,0.7040949996612345,Increase
1984,9,0.007027874,0.007131605,1.4759940203822683,Increase
1984,10,0.002352028,0.00239767,1.940538122845487,Increase
1984,11,0.001606261,0.001643203,2.2998753004648607,Increase
1984,12,6.036e-4,6.17285e-4,2.2672299536116522,Increase
1984,13,3.63258e-4,3.79003e-4,4.334384927517084,Increase
1984,14,4.53036e-4,4.72237e-4,4.2382945284701545,Increase
1984,15,2.23142e-4,2.35752e-4,5.6511100554803555,Increase
1985,1,0.237872086,0.237771912,-0.04211254951537627,Decrease
1985,2,0.038084744,0.038176173,0.2400672563271109,Increase
1985,3,0.188033416,0.192118504,2.172532992752728,Increase
1985,4,0.06653871,0.067058539,0.7812429787111884,Increase
1985,5,0.218917722,0.218949715,0.01461416632134523,Increase
1985,6,0.134798631,0.132351922,-1.8150844573488223,Decrease
1985,7,0.089092912,0.087337637,-1.970162340187063,Decrease
1985,8,0.016947889,0.016654037,-1.7338560572352149,Decrease
1985,9,0.004137667,0.00406793,-1.68541837707095,Decrease
1985,10,0.003499736,0.003456316,-1.2406650101607593,Decrease
1985,11,0.001219457,0.001206873,-1.0319347053647605,Decrease
1985,12,3.82657e-4,3.77219e-4,-1.4211160386455821,Decrease
1985,13,4.07898e-4,4.06352e-4,-0.37901632270812846,Decrease
1985,14,3.43051e-5,3.46e-5,0.8596389458127301,Increase
1985,15,3.21693e-5,3.23e-5,0.40628798264184174,Increase
1986,1,0.17390969,0.180408179,3.736703227979991,Increase
1986,2,0.057621669,0.05661139,-1.7532970105395642,Decrease
1986,3,0.046663695,0.047334761,1.4380901469547256,Increase
1986,4,0.197615267,0.193921676,-1.8690818053040525,Decrease
1986,5,0.100708054,0.100158348,-0.5458411499044663,Decrease
1986,6,0.152068525,0.150918849,-0.7560249565122145,Decrease
1986,7,0.126216664,0.124583781,-1.293714275319463,Decrease
1986,8,0.105356856,0.1058897,0.5057516143040606,Increase
1986,9,0.031399,0.031569926,0.544367655020844,Increase
1986,10,0.004852451,0.004952086,2.0532922434456284,Increase
1986,11,0.002176971,0.002211562,1.5889508863461943,Increase
1986,12,9.58877e-4,9.78519e-4,2.048437912266114,Increase
1986,13,8.76021e-5,8.95e-5,2.1665005747579045,Increase
1986,14,2.68012e-4,2.74691e-4,2.492052594659939,Increase
1986,15,9.66659e-5,9.7e-5,0.3456234308065139,Increase
1987,1,0.034687858,0.034375856,-0.8994559421916416,Decrease
1987,2,0.048690207,0.049246853,1.1432401591556203,Increase
1987,3,0.083139302,0.084825769,2.0284834722331406,Increase
1987,4,0.065395329,0.066495651,1.6825697138093774,Increase
1987,5,0.394050279,0.392277518,-0.44988192991484,Decrease
1987,6,0.103067016,0.102683431,-0.3721704720742006,Decrease
1987,7,0.094035217,0.094234746,0.21218539858316054,Increase
1987,8,0.036537052,0.036320492,-0.5927133913266938,Decrease
1987,9,0.11401043,0.113268768,-0.6505211847722969,Decrease
1987,10,0.01798034,0.017877307,-0.5730314332209645,Decrease
1987,11,0.005510293,0.005512779,0.04511556826469047,Increase
1987,12,0.002095283,0.002087164,-0.38748942266987363,Decrease
1987,13,4.14787e-4,4.14226e-4,-0.13525014043352293,Decrease
1987,14,2.03737e-4,1.99851e-4,-1.9073609604539234,Decrease
1987,15,1.82871e-4,1.79589e-4,-1.7947077448037214,Decrease
1988,1,0.067120786,0.069611444,3.7107104198690295,Increase
1988,2,0.033190151,0.034277786,3.2769811743248667,Increase
1988,3,0.10381032,0.100859017,-2.8429764979050276,Decrease
1988,4,0.203396516,0.198595434,-2.360454394410577,Decrease
1988,5,0.087681414,0.086737767,-1.07622237935169,Decrease
1988,6,0.270639433,0.269522317,-0.41276911779517866,Decrease
1988,7,0.07250877,0.073374189,1.1935370024895005,Increase
1988,8,0.051349785,0.052912488,3.04325130085744,Increase
1988,9,0.028518644,0.029433459,3.2077787429163864,Increase
1988,10,0.068743594,0.071129502,3.4707350331435856,Increase
1988,11,0.006620771,0.006866703,3.714552277974875,Increase
1988,12,0.003895164,0.004034091,3.5666534194709145,Increase
1988,13,8.64362e-4,9.08557e-4,5.113019776436263,Increase
1988,14,0.001044543,0.001084464,3.8218627667793528,Increase
1988,15,6.15748e-4,6.52782e-4,6.014473453425757,Increase
1989,1,0.043407784,0.04576899,5.439591203273599,Increase
1989,2,0.026161766,0.027915434,6.703171337898214,Increase
1989,3,0.046044814,0.047913395,4.058179060078284,Increase
1989,4,0.146516578,0.145134736,-0.9431301350759242,Decrease
1989,5,0.324763684,0.318197829,-2.021733131959425,Decrease
1989,6,0.061217673,0.060623839,-0.9700368715419834,Decrease
1989,7,0.216087827,0.216565433,0.2210240190901598,Increase
1989,8,0.030327554,0.030537814,0.6932969272761011,Increase
1989,9,0.033597428,0.034129414,1.5834128731520705,Increase
1989,10,0.012559035,0.012760296,1.6025196203370815,Increase
1989,11,0.039340794,0.039987087,1.6428061924728798,Increase
1989,12,0.006724553,0.00685138,1.886028707038215,Increase
1989,13,0.00600792,0.006141089,2.216557477463079,Increase
1989,14,0.002811762,0.002864617,1.8797821437233895,Increase
1989,15,0.004430827,0.004608647,4.013246285625676,Increase
1990,1,0.101726988,0.10647623,4.668615569351174,Increase
1990,2,0.012636729,0.012757792,0.9580248179730777,Increase
1990,3,0.005032599,0.005010351,-0.4420777415407007,Decrease
1990,4,0.052121091,0.050803827,-2.527314710277263,Decrease
1990,5,0.117640991,0.116110733,-1.3007863900092498,Decrease
1990,6,0.380658655,0.37790764,-0.7226986602997437,Decrease
1990,7,0.070038479,0.069645756,-0.5607246268154933,Decrease
1990,8,0.166228757,0.165954338,-0.16508515430937018,Decrease
1990,9,0.01572357,0.015732752,0.05839640743164524,Increase
1990,10,0.02705379,0.027433671,1.404169249484078,Increase
1990,11,0.004096176,0.004164612,1.6707289921136164,Increase
1990,12,0.038094025,0.038806077,1.8691960222108448,Increase
1990,13,0.003276288,0.003344816,2.091635411783091,Increase
1990,14,0.002387472,0.002447568,2.517139468023078,Increase
1990,15,0.003284391,0.003403836,3.6367472691284366,Increase
1991,1,0.246031341,0.24630279,0.11033106550437692,Increase
1991,2,0.07070278,0.072835176,3.0160002195104556,Increase
1991,3,0.027211323,0.02818891,3.5925743118039577,Increase
1991,4,0.010626634,0.010201789,-3.9979263424335505,Decrease
1991,5,0.074970143,0.072110449,-3.814443837995627,Decrease
1991,6,0.06411248,0.063195512,-1.4302488376678053,Decrease
1991,7,0.191479622,0.190948142,-0.2775647844134562,Decrease
1991,8,0.066628512,0.066753106,0.1869980227083649,Increase
1991,9,0.128789522,0.129413974,0.4848624253764973,Increase
1991,10,0.032526317,0.032614135,0.2699906048385478,Increase
1991,11,0.043447182,0.043711576,0.6085411937648825,Increase
1991,12,0.008909076,0.008913955,0.05476437736078692,Increase
1991,13,0.026095922,0.026233542,0.5273620912876656,Increase
1991,14,0.003963589,0.003992019,0.7172792133594148,Increase
1991,15,0.004505557,0.004584925,1.7615580049259125,Increase
1992,1,0.143545486,0.151758706,5.721684623367393,Increase
1992,2,0.04031176,0.040068059,-0.604540709708529,Decrease
1992,3,0.269713219,0.261686505,-2.9760180200882145,Decrease
1992,4,0.040141443,0.040575064,1.0802327160984275,Increase
1992,5,0.048385649,0.049234594,1.754538830304822,Increase
1992,6,0.078334574,0.079112179,0.9926715118154604,Increase
1992,7,0.069721647,0.069102979,-0.8873399103724597,Decrease
1992,8,0.097147058,0.095443925,-1.7531493336627813,Decrease
1992,9,0.041759504,0.041430521,-0.7878038972876806,Decrease
1992,10,0.077210314,0.076506373,-0.9117188669897127,Decrease
1992,11,0.026592657,0.026574125,-0.06968841060146111,Decrease
1992,12,0.03305202,0.033490625,1.3270142036704613,Increase
1992,13,0.0140997,0.014433389,2.3666390065036835,Increase
1992,14,0.011100098,0.011410075,2.792560930543147,Increase
1992,15,0.008884871,0.00917288,3.2415664785678797,Increase
1993,1,0.186788914,0.190540752,2.008597790766109,Increase
1993,2,0.030835751,0.03074679,-0.28849954067926536,Decrease
1993,3,0.080129276,0.079714351,-0.5178194796119168,Decrease
1993,4,0.356825078,0.35361661,-0.8991711059052917,Decrease
1993,5,0.074240503,0.073708376,-0.7167610381087981,Decrease
1993,6,0.056441763,0.056260994,-0.3202752543360442,Decrease
1993,7,0.028196391,0.02814683,-0.17577072186295065,Decrease
1993,8,0.036964895,0.037043751,0.21332672526190632,Increase
1993,9,0.046821898,0.046931371,0.23380726684765923,Increase
1993,10,0.028587194,0.02869248,0.36829777696964444,Increase
1993,11,0.024725628,0.024725697,2.790626794265665e-4,Increase
1993,12,0.01792678,0.017966676,0.22254972727952857,Increase
1993,13,0.014287665,0.014375609,0.6155239502045963,Increase
1993,14,0.007793894,0.007905866,1.4366631108916703,Increase
1993,15,0.009434371,0.009623848,2.0083691853966776,Increase
1994,1,0.117588755,0.125673159,6.87515060432437,Increase
1994,2,0.052301439,0.052434488,0.25438879415918775,Increase
1994,3,0.038360544,0.038792234,1.1253490044353867,Increase
1994,4,0.148918632,0.148208037,-0.47716997561460833,Decrease
1994,5,0.433633513,0.423570948,-2.3205229066324544,Decrease
1994,6,0.070507631,0.069731732,-1.1004468438316932,Decrease
1994,7,0.016943469,0.016817459,-0.7437083869896969,Decrease
1994,8,0.013066975,0.013130817,0.4885752058146566,Increase
1994,9,0.014129594,0.014391512,1.8536838355015712,Increase
1994,10,0.026103325,0.026565856,1.7719236917135983,Increase
1994,11,0.015927906,0.016268492,2.1382974008008357,Increase
1994,12,0.022029922,0.022600791,2.5913346402225037,Increase
1994,13,0.008397523,0.008701376,3.61836460584865,Increase
1994,14,0.008235866,0.008577665,4.150128231809506,Increase
1994,15,0.013854906,0.014535433,4.9118124655627415,Increase
1995,1,0.102348001,0.110644993,8.106647827933644,Increase
1995,2,0.013690206,0.014044839,2.5904139061165337,Increase
1995,3,0.030166835,0.031044832,2.9104710520676162,Increase
1995,4,0.126825457,0.13285552,4.754615628942699,Increase
1995,5,0.185281022,0.18229648,-1.6108190508577716,Decrease
1995,6,0.323015696,0.307237289,-4.8847183574633455,Decrease
1995,7,0.118472079,0.11507488,-2.8675102426454337,Decrease
1995,8,0.0256081,0.026247724,2.4977409491528006,Increase
1995,9,0.014885333,0.015547756,4.4501725288913505,Increase
1995,10,0.009367384,0.010052991,7.3190871645701865,Increase
1995,11,0.017204655,0.018487874,7.458557000997708,Increase
1995,12,0.006968934,0.007606737,9.152088396876756,Increase
1995,13,0.012755111,0.013993405,9.708218140947585,Increase
1995,14,0.005197694,0.005723064,10.107751629857392,Increase
1995,15,0.008213493,0.009141617,11.2999913678626,Increase
1996,1,0.242778292,0.246550562,1.5537921322883326,Increase
1996,2,0.053284192,0.054182765,1.6863782038770518,Increase
1996,3,0.02486424,0.024604081,-1.0463179248591528,Decrease
1996,4,0.050889782,0.050663091,-0.44545484592565376,Decrease
1996,5,0.141501156,0.140499217,-0.7080783142153125,Decrease
1996,6,0.187814677,0.185821459,-1.0612684971366848,Decrease
1996,7,0.160482236,0.159554037,-0.5783811486774092,Decrease
1996,8,0.052894514,0.052405439,-0.9246232983632264,Decrease
1996,9,0.012799052,0.012611674,-1.463999052429822,Decrease
1996,10,0.013851034,0.013773876,-0.557055884780882,Decrease
1996,11,0.009250123,0.009214088,-0.38956238744068844,Decrease
1996,12,0.017673124,0.017569112,-0.5885320557927228,Decrease
1996,13,0.005935034,0.00599761,1.0543494780316331,Increase
1996,14,0.010628865,0.010760513,1.2385894448748747,Increase
1996,15,0.015353679,0.015792476,2.857927406193652,Increase
1997,1,0.225606079,0.228005419,1.063508576823411,Increase
1997,2,0.039240538,0.038937375,-0.7725760538757017,Decrease
1997,3,0.021308561,0.021470819,0.7614685947117614,Increase
1997,4,0.025986664,0.026290028,1.1673833932666402,Increase
1997,5,0.29775923,0.296213596,-0.5190885266595976,Decrease
1997,6,0.136560788,0.137088607,0.38650846097930597,Increase
1997,7,0.080205869,0.079981003,-0.2803610294403819,Decrease
1997,8,0.103155818,0.101520064,-1.5857118209270593,Decrease
1997,9,0.017820623,0.017429068,-2.1972015232015276,Decrease
1997,10,0.008969193,0.008810134,-1.773392544903422,Decrease
1997,11,0.006507358,0.006465461,-0.6438404034325576,Decrease
1997,12,0.00697623,0.00695813,-0.25945245497926617,Decrease
1997,13,0.011884535,0.012083295,1.6724255513572972,Increase
1997,14,0.003806627,0.00392591,3.1335615493716724,Increase
1997,15,0.014211886,0.01482109,4.286580964693921,Increase
1998,1,0.112740941,0.115758541,2.6765786884819502,Increase
1998,2,0.089084118,0.090822522,1.9514185457838835,Increase
1998,3,0.048015711,0.047616511,-0.8313945408410225,Decrease
1998,4,0.034517466,0.03387865,-1.8507036408755888,Decrease
1998,5,0.072045496,0.07097242,-1.4894421713746078,Decrease
1998,6,0.3957568,0.39313551,-0.6623486949560938,Decrease
1998,7,0.101431738,0.100716481,-0.7051609428204779,Decrease
1998,8,0.061401124,0.061259161,-0.23120586522162345,Decrease
1998,9,0.046622259,0.046775455,0.32858982658905755,Increase
1998,10,0.011984343,0.01208335,0.826136234585408,Increase
1998,11,0.005287323,0.005332079,0.8464775085615152,Increase
1998,12,0.001810501,0.001820046,0.5272021390764284,Increase
1998,13,0.004125995,0.004217626,2.2208218865994747,Increase
1998,14,0.004444947,0.004507065,1.3974969780292068,Increase
1998,15,0.010731237,0.011104582,3.4790490602341615,Increase
1999,1,0.087541806,0.092843999,6.056755328991039,Increase
1999,2,0.098255505,0.096860292,-1.4199845596437637,Decrease
1999,3,0.114563342,0.100950561,-11.882318342284398,Decrease
1999,4,0.108944111,0.103639342,-4.869257228598617,Decrease
1999,5,0.060468307,0.05914753,-2.1842466996802177,Decrease
1999,6,0.111285506,0.110067075,-1.0948694432858181,Decrease
1999,7,0.260459175,0.268305885,3.0126448799509693,Increase
1999,8,0.066829356,0.069857549,4.531231753901681,Increase
1999,9,0.031807083,0.033662344,5.832854902161248,Increase
1999,10,0.029382881,0.0313142,6.572939528972673,Increase
1999,11,0.010984316,0.011752792,6.996120650571238,Increase
1999,12,0.004655246,0.005013532,7.696392414063621,Increase
1999,13,0.001900124,0.002081662,9.55400805421121,Increase
1999,14,0.002809239,0.0031137029999999998,10.837952911802804,Increase
1999,15,0.010114003,0.011389534,12.611534720723336,Increase
2000,1,0.076219363,0.07536091,-1.1262925406500643,Decrease
2000,2,0.027393587,0.026992694,-1.463455662086164,Decrease
2000,3,0.050406497,0.050327348,-0.15702142523413318,Decrease
2000,4,0.15683725,0.156862781,0.016278658290677313,Increase
2000,5,0.157531993,0.158178884,0.41064103086665243,Increase
2000,6,0.087459211,0.087756003,0.33934904809512184,Increase
2000,7,0.069562345,0.069411372,-0.21703264891371718,Decrease
2000,8,0.211158921,0.212942358,0.8445946737907412,Increase
2000,9,0.079959715,0.079496991,-0.5786964098108625,Decrease
2000,10,0.041731859,0.041086956,-1.5453493217256442,Decrease
2000,11,0.017868423,0.017619419,-1.3935421161677255,Decrease
2000,12,0.011439,0.011309493,-1.1321531602412729,Decrease
2000,13,0.003585345,0.003599847,0.4044799036076027,Increase
2000,14,0.001625011,0.001645366,1.2526069054301856,Increase
2000,15,0.007221479,0.007409577,2.6047018900144887,Increase
2001,1,0.17454973,0.174303454,-0.14109216897670923,Decrease
2001,2,0.10739353,0.107227485,-0.1546135972995799,Decrease
2001,3,0.063765517,0.062427233,-2.098758173637948,Decrease
2001,4,0.061744342,0.062792297,1.6972486321094753,Increase
2001,5,0.148415039,0.148675866,0.1757416241355374,Increase
2001,6,0.145487243,0.145836693,0.24019288069126526,Increase
2001,7,0.060611956,0.060527456,-0.1394114388916953,Decrease
2001,8,0.029456284,0.029467233,0.03717033689653346,Increase
2001,9,0.087469666,0.086788935,-0.7782480843130278,Decrease
2001,10,0.062513918,0.062023146,-0.7850603764748842,Decrease
2001,11,0.023814447,0.023732975,-0.3421116602035693,Decrease
2001,12,0.018569051,0.018692137,0.6628556300480914,Increase
2001,13,0.006438343,0.007212646,12.026432888089367,Increase
2001,14,0.002669937,0.002655343,-0.5466046577128868,Decrease
2001,15,0.007100997,0.007637102,7.549714497837407,Increase
2002,1,0.125005502,0.120649533,-3.484621820885922,Decrease
2002,2,0.03619245,0.036163806,-0.07914357828774034,Decrease
2002,3,0.072918858,0.072898372,-0.028094241410089163,Decrease
2002,4,0.113649135,0.111278743,-2.085710551162575,Decrease
2002,5,0.12536943,0.126592621,0.9756692680185151,Increase
2002,6,0.162427014,0.164135563,1.0518872187110473,Increase
2002,7,0.08107718,0.081790741,0.8801009112551786,Increase
2002,8,0.039197489,0.039469931,0.695049624224648,Increase
2002,9,0.052471601,0.05275532,0.540709630720057,Increase
2002,10,0.097871585,0.098695965,0.8423078056823128,Increase
2002,11,0.048783234,0.049338552,1.1383378149960273,Increase
2002,12,0.02244205,0.022898628,2.0344754601295296,Increase
2002,13,0.013375382,0.013645895,2.022469339567274,Increase
2002,14,0.004223012,0.004397077,4.121821107778054,Increase
2002,15,0.004996078,0.005289252,5.868082924245782,Increase
2003,1,0.039939214,0.039232249,-1.770102436167131,Decrease
2003,2,0.011551172,0.011891316,2.94467089573249,Increase
2003,3,0.074211623,0.07950895,7.138136569254105,Increase
2003,4,0.127244436,0.130393406,2.474740820887446,Increase
2003,5,0.150343542,0.14741955,-1.9448736946745517,Decrease
2003,6,0.125291803,0.124659978,-0.5042827901518845,Decrease
2003,7,0.157187854,0.155627571,-0.992623132319114,Decrease
2003,8,0.081190765,0.079896273,-1.594383302091062,Decrease
2003,9,0.033835001,0.033073831,-2.249652659977771,Decrease
2003,10,0.044231799,0.043511823,-1.6277339296102429,Decrease
2003,11,0.086120367,0.085019685,-1.2780739775528425,Decrease
2003,12,0.038963145,0.039038229,0.1927051833213234,Increase
2003,13,0.016150556,0.016345836,1.209122459932643,Increase
2003,14,0.006645315,0.006833904,2.8379241616085964,Increase
2003,15,0.007093409,0.007547399,6.400166689951187,Increase
2004,1,0.049519433,0.049407673,-0.22568917539908506,Decrease
2004,2,0.033183447,0.033044245,-0.41949228481296114,Decrease
2004,3,0.023535896,0.023553879,0.07640669384330723,Increase
2004,4,0.20131091,0.199870514,-0.7155081659508719,Decrease
2004,5,0.198120721,0.198240604,0.060510076581029255,Increase
2004,6,0.14684351,0.146975279,0.08973430286430502,Increase
2004,7,0.081976857,0.082119149,0.1735758178677211,Increase
2004,8,0.086580198,0.086687937,0.12443838486025346,Increase
2004,9,0.042838847,0.042736026,-0.24001813120693,Decrease
2004,10,0.027034922,0.027048367,0.04973197259456054,Increase
2004,11,0.027051619,0.027113651,0.22930975037020912,Increase
2004,12,0.049581712,0.049986235,0.8158713841910036,Increase
2004,13,0.021977002,0.022309054,1.5109067196699502,Increase
2004,14,0.005681317,0.005915513,4.122213212183018,Increase
2004,15,0.004763609,0.004991873,4.791829052300466,Increase
2005,1,0.039040827,0.038153202,-2.273581448466763,Decrease
2005,2,0.014366841,0.014796832,2.9929404800957937,Increase
2005,3,0.02142147,0.023970717,11.900429802436516,Increase
2005,4,0.107579835,0.116333871,8.137246166997754,Increase
2005,5,0.315455705,0.323311446,2.4902833822580663,Increase
2005,6,0.212212443,0.203501541,-4.104802657589683,Decrease
2005,7,0.111088479,0.102539016,-7.696084307716561,Decrease
2005,8,0.044305082,0.046597788,5.174814934322881,Increase
2005,9,0.037689865,0.035435609,-5.981066793420467,Decrease
2005,10,0.026322346,0.025863502,-1.7431728919603136,Decrease
2005,11,0.007632995,0.007206145,-5.592169259903882,Decrease
2005,12,0.01558497,0.015054541,-3.403465005065782,Decrease
2005,13,0.025879477,0.025066517,-3.141330870017201,Decrease
2005,14,0.01028251,0.010387289,1.019002169703694,Increase
2005,15,0.011137155,0.011781982,5.789871829924254,Increase
2006,1,0.118073324,0.11819138,0.09998532776125221,Increase
2006,2,0.010924574,0.010986264,0.5646902112613398,Increase
2006,3,0.016430321,0.016427249,-0.01869713927074095,Decrease
2006,4,0.075070767,0.07585387,1.0431530558359785,Increase
2006,5,0.202671348,0.202566719,-0.051624958847165205,Decrease
2006,6,0.238147648,0.237125204,-0.429331974758778,Decrease
2006,7,0.139930255,0.140011116,0.05778664521120728,Increase
2006,8,0.063718677,0.063678221,-0.06349158818851205,Decrease
2006,9,0.035376345,0.035316809,-0.1682932479316304,Decrease
2006,10,0.029513087,0.029406088,-0.36254763861198247,Decrease
2006,11,0.014187969,0.01414418,-0.30863473129945995,Decrease
2006,12,0.008802763,0.008776136,-0.30248457217352726,Decrease
2006,13,0.012626555,0.012645028000000001,0.14630277221301843,Increase
2006,14,0.017021159,0.017143538,0.7189815922640688,Increase
2006,15,0.017505208,0.017728199,1.2738551864108028,Increase
2007,1,0.21656618,0.219930182,1.5533367213661915,Increase
2007,2,0.005370355,0.005252652,-2.1917173073288496,Decrease
2007,3,0.017512126,0.018020818,2.904798652088282,Increase
2007,4,0.05600775,0.058147738,3.820878360584018,Increase
2007,5,0.175697453,0.173597407,-1.195262631382593,Decrease
2007,6,0.198660811,0.194610187,-2.0389647961318365,Decrease
2007,7,0.13248639,0.13139481,-0.8239185926946976,Decrease
2007,8,0.092350439,0.092621561,0.29357954649246293,Increase
2007,9,0.036625739,0.036305963,-0.8730909156536085,Decrease
2007,10,0.015708677,0.015817439,0.6923689372440363,Increase
2007,11,0.013770441,0.01456885,5.797991509494866,Increase
2007,12,0.012457423,0.012443656,-0.11051242299470443,Decrease
2007,13,0.005679235,0.005794214,2.0245508417947033,Increase
2007,14,0.006876364,0.007111858,3.4246878146648454,Increase
2007,15,0.014230616,0.014382664,1.0684569100873786,Increase
2008,1,0.080584122,0.07886659,-2.131352873708786,Decrease
2008,2,0.019705817,0.019361956,-1.7449720557132995,Decrease
2008,3,0.021877609,0.022126017,1.1354440057869306,Increase
2008,4,0.042330924,0.042560608,0.5425915106412533,Increase
2008,5,0.125630895,0.122884821,-2.1858269814920823,Decrease
2008,6,0.248969657,0.249090198,0.048415940099882045,Increase
2008,7,0.181456214,0.182417401,0.5297074036825227,Increase
2008,8,0.113435468,0.116266511,2.4957299951369754,Increase
2008,9,0.069021553,0.069380665,0.520289655029922,Increase
2008,10,0.025072209,0.025090156,0.07158124758770687,Increase
2008,11,0.020467609,0.020553202,0.41818758605364403,Increase
2008,12,0.015352256,0.015373428,0.1379080703187848,Increase
2008,13,0.006961159,0.006995592,0.4946446417902591,Increase
2008,14,0.00386054,0.003890194,0.7681308832443143,Increase
2008,15,0.02527397,0.02514266,-0.5195463949668337,Decrease
2009,1,0.172066598,0.177550958,3.1873472619014773,Increase
2009,2,0.043041039,0.043399985,0.8339622098806649,Increase
2009,3,0.088475663,0.089159579,0.7729990110387832,Increase
2009,4,0.100086046,0.102363815,2.275810755876997,Increase
2009,5,0.06789805,0.067211718,-1.0108272623440553,Decrease
2009,6,0.102448067,0.101027772,-1.3863560744391614,Decrease
2009,7,0.144668224,0.142321584,-1.6220839207924547,Decrease
2009,8,0.109967034,0.107707259,-2.0549567609507458,Decrease
2009,9,0.078748075,0.076815291,-2.4543888850616433,Decrease
2009,10,0.035864525,0.035354217,-1.4228767842317749,Decrease
2009,11,0.022561816,0.022276404,-1.2650222836672314,Decrease
2009,12,0.007147771,0.007258331,1.5467759109798005,Increase
2009,13,0.00718553,0.007268162,1.1499778026116378,Increase
2009,14,0.003704888,0.003774663,1.8833227887050896,Increase
2009,15,0.016136672,0.016510262,2.3151613913947067,Increase
2010,1,0.053575362,0.051723173,-3.457165627737623,Decrease
2010,2,0.015026669,0.014885408,-0.9400686206637024,Decrease
2010,3,0.034008689,0.033889908,-0.3492666241853614,Decrease
2010,4,0.452057269,0.458424781,1.4085631261025071,Increase
2010,5,0.186210191,0.185644246,-0.30392804870705725,Decrease
2010,6,0.052292708,0.051721696,-1.0919533943432471,Decrease
2010,7,0.041772671,0.040920337,-2.040410583273443,Decrease
2010,8,0.042730655,0.042047952,-1.5976890595288085,Decrease
2010,9,0.042827112,0.042267526,-1.3066162387975186,Decrease
2010,10,0.029337509,0.029018232,-1.088289397712668,Decrease
2010,11,0.024968802,0.024600921,-1.4733626387040797,Decrease
2010,12,0.009086233,0.008941031,-1.5980439858850253,Decrease
2010,13,0.005427697,0.005392766,-0.6435694549640519,Decrease
2010,14,0.003212581,0.003180511,-0.9982627675379991,Decrease
2010,15,0.007465852,0.00734151,-1.6654763582240897,Decrease
2011,1,0.18759193,0.190785257,1.7022731201710135,Increase
2011,2,0.019772131,0.019656587,-0.5843780824636388,Decrease
2011,3,0.049724669,0.051267399,3.102544533780605,Increase
2011,4,0.061889517,0.061849595,-0.06450526993125151,Decrease
2011,5,0.312575748,0.310636017,-0.6205634993793568,Decrease
2011,6,0.151403621,0.150259268,-0.755829347040509,Decrease
2011,7,0.042807105,0.042220138,-1.3711906002519927,Decrease
2011,8,0.023290879,0.022945431,-1.4831900504914464,Decrease
2011,9,0.035354073,0.034993379,-1.0202332274417198,Decrease
2011,10,0.034873997,0.034523693,-1.0044848028173994,Decrease
2011,11,0.029635807,0.029469445,-0.5613547152604947,Decrease
2011,12,0.022729527,0.022653471,-0.33461321038487934,Decrease
2011,13,0.009928921,0.009953151,0.24403457334387174,Increase
2011,14,0.004698156,0.004736384,0.8136809420547024,Increase
2011,15,0.01372392,0.014050784,2.3817101819305244,Increase
2012,1,0.129875165,0.135464404,4.303547179324102,Increase
2012,2,0.02090094,0.021319734,2.0037089240962374,Increase
2012,3,0.049400306,0.04880601,-1.2030208881702091,Decrease
2012,4,0.425415302,0.418469138,-1.6327959919034547,Decrease
2012,5,0.096561313,0.096131834,-0.4447733638418903,Decrease
2012,6,0.144581912,0.144657855,0.05252593422612573,Increase
2012,7,0.045911518,0.04603551,0.2700673064218947,Increase
2012,8,0.017195801,0.017287002,0.5303678496860895,Increase
2012,9,0.011476014,0.011618667,1.2430535550061157,Increase
2012,10,0.015760147,0.016021686,1.6594959425188205,Increase
2012,11,0.012675498,0.012900356,1.773957914710725,Increase
2012,12,0.010964986,0.011201177,2.1540474379082672,Increase
2012,13,0.009448838,0.009748209,3.1683366780126976,Increase
2012,14,0.003394853,0.003527157,3.8971937812918482,Increase
2012,15,0.006437408,0.006811262,5.807523773543635,Increase
2013,1,0.11353465,0.11437687,0.741817586084957,Increase
2013,2,0.012077138,0.01236503,2.3837766861652274,Increase
2013,3,0.02466502,0.024833714,0.6839402522276506,Increase
2013,4,0.102611253,0.10244853,-0.15858202218815465,Decrease
2013,5,0.49516606,0.493198282,-0.3973975922340136,Decrease
2013,6,0.111709494,0.111708014,-0.0013248650110365974,Decrease
2013,7,0.06811415,0.068208867,0.13905627538478868,Increase
2013,8,0.023829067,0.023843027,0.05858391350362296,Increase
2013,9,0.008070354,0.008053859,-0.20439004286553045,Decrease
2013,10,0.007211783,0.007237017,0.34989960180443375,Increase
2013,11,0.009471001,0.00956862,1.0307147048131469,Increase
2013,12,0.007180661,0.007263498,1.153612459911428,Increase
2013,13,0.006908489,0.007031945,1.7870188401544835,Increase
2013,14,0.003956081,0.004086563,3.2982641154212837,Increase
2013,15,0.005494801,0.005776166,5.120567605633042,Increase
2014,1,0.130239846,0.129870241,-0.28378795841020504,Decrease
2014,2,0.025025575,0.024389104,-2.543282222286599,Decrease
2014,3,0.014292702,0.014323583,0.21606131576801713,Increase
2014,4,0.025357173,0.025534384,0.6988594509332725,Increase
2014,5,0.118027317,0.11890657,0.7449572034243535,Increase
2014,6,0.397629233,0.397425402,-0.05126157311478232,Decrease
2014,7,0.196086103,0.195989473,-0.04927937192979668,Decrease
2014,8,0.041169462,0.04094259,-0.5510686537511615,Decrease
2014,9,0.02239123,0.022338012,-0.23767341052724975,Decrease
2014,10,0.008089347,0.008096511,0.08856091845238528,Increase
2014,11,0.003166572,0.003196311,0.939154391562863,Increase
2014,12,0.004528035,0.004579844,1.1441828519435007,Increase
2014,13,0.004708243,0.004776795,1.4559996159926403,Increase
2014,14,0.002331719,0.002406956,3.2266752554660374,Increase
2014,15,0.006957442,0.007224224,3.8344839956984083,Increase
2015,1,0.082812484,0.082411749,-0.4839065085887283,Decrease
2015,2,0.052784153,0.053601217,1.5479342824729978,Increase
2015,3,0.157242642,0.159538998,1.460390114788328,Increase
2015,4,0.042131165,0.04333779,2.8639725485872582,Increase
2015,5,0.086169904,0.08620155,0.036725119248126686,Increase
2015,6,0.155486229,0.154427223,-0.6810931146834883,Decrease
2015,7,0.29275555,0.290526423,-0.761429458809576,Decrease
2015,8,0.086475969,0.085865919,-0.7054561019142797,Decrease
2015,9,0.021880188,0.021753281,-0.5800087275301247,Decrease
2015,10,0.010829956,0.010840251,0.09506040467754849,Increase
2015,11,0.00155299,0.001541233,-0.757055744080776,Decrease
2015,12,0.001475787,0.001440599,-2.3843549238474124,Decrease
2015,13,0.002800874,0.002824191,0.832490144147867,Increase
2015,14,0.001714065,0.001727329,0.773832964327492,Increase
2015,15,0.003888043,0.003962248,1.9085437069497413,Increase
2016,1,0.05553847,0.053932296,-2.8920026064816007,Decrease
2016,2,0.034503976,0.035131214,1.8178716562983994,Increase
2016,3,0.050919437,0.051362638,0.8703965049731485,Increase
2016,4,0.281381738,0.286919035,1.9678949456201016,Increase
2016,5,0.118823849,0.118580127,-0.20511202258731898,Decrease
2016,6,0.083941958,0.082530887,-1.6810079650512797,Decrease
2016,7,0.123669421,0.121896284,-1.4337715707426235,Decrease
2016,8,0.188242726,0.186820605,-0.7554719538007532,Decrease
2016,9,0.037914195,0.037815537,-0.2602138855908573,Decrease
2016,10,0.015523869,0.015487973,-0.2312310159277871,Decrease
2016,11,0.00559824,0.005530018,-1.21863299894252,Decrease
2016,12,0.00122601,0.001234657,0.7052960416309708,Increase
2016,13,0.001281081,0.001299688,1.4524452396062317,Increase
2016,14,4.64466e-4,4.72772e-4,1.7882902085405543,Increase
2016,15,9.70565e-4,9.86268e-4,1.6179235805948133,Increase
2017,1,0.056279976,0.056682376,0.7149967512423907,Increase
2017,2,0.023088722,0.022618428,-2.0368992272504283,Decrease
2017,3,0.039140235,0.037884998,-3.207024689555388,Decrease
2017,4,0.190209034,0.188454858,-0.9222359017921284,Decrease
2017,5,0.251060973,0.251411208,0.13950196871099377,Increase
2017,6,0.114721988,0.115156838,0.37904677872214043,Increase
2017,7,0.08840937,0.088824559,0.46962103677471784,Increase
2017,8,0.082933294,0.083497874,0.6807639884652297,Increase
2017,9,0.106009463,0.107013333,0.9469626310624778,Increase
2017,10,0.030427206,0.030624899,0.6497244604056063,Increase
2017,11,0.0116804,0.011761082,0.6907468922297209,Increase
2017,12,0.003922613,0.003956814,0.8718933017353533,Increase
2017,13,5.95303e-4,6.00344e-4,0.846795665400646,Increase
2017,14,3.50202e-4,3.46723e-4,-0.993426650904327,Decrease
2017,15,0.001171222,0.001165666,-0.4743763351439673,Decrease
2018,1,0.140789756,0.144550581,2.671234830465949,Increase
2018,2,0.059039298,0.058434865,-1.0237808044397725,Decrease
2018,3,0.031373159,0.030749143,-1.989012327384686,Decrease
2018,4,0.045460761,0.046020322,1.230865888936615,Increase
2018,5,0.312076604,0.309957668,-0.6789794469821776,Decrease
2018,6,0.191813842,0.190798569,-0.5293012169580602,Decrease
2018,7,0.066483839,0.066336518,-0.22158918951717846,Decrease
2018,8,0.04837531,0.048314757,-0.12517335806219726,Decrease
2018,9,0.049692484,0.049730096,0.07568951473627152,Increase
2018,10,0.040735741,0.040901318,0.406466154623283,Increase
2018,11,0.011411513,0.01143867,0.23797896037098565,Increase
2018,12,0.001777353,0.001790317,0.7293992808406701,Increase
2018,13,2.27876e-4,2.27569e-4,-0.1347223928803424,Decrease
2018,14,3.74776e-5,3.67e-5,-2.074839370717453,Decrease
2018,15,7.04988e-4,7.12897e-4,1.121863067172768,Increase
2019,1,0.160915256,0.161086996,0.1067269842953881,Increase
2019,2,0.042839849,0.042863301,0.05474342358209572,Increase
2019,3,0.035612277,0.035236828,-1.0542684479287858,Decrease
2019,4,0.036944666,0.037140078,0.528931564843485,Increase
2019,5,0.105673296,0.105464894,-0.19721349469405822,Decrease
2019,6,0.376941193,0.377094919,0.04078248884832419,Increase
2019,7,0.150537899,0.150657378,0.07936805335645455,Increase
2019,8,0.035779775,0.035725334,-0.15215579192435474,Decrease
2019,9,0.025798375,0.02580107,0.01044639439499765,Increase
2019,10,0.01526525,0.015267005,0.011496700021295774,Increase
2019,11,0.00802638,0.008011692,-0.18299656881431994,Decrease
2019,12,0.003644702,0.00363822,-0.17784718750668582,Decrease
2019,13,0.001440253,0.001434731,-0.38340486011832586,Decrease
2019,14,4.15118e-4,4.13555e-4,-0.3765194474824022,Decrease
2019,15,1.65711e-4,1.63999e-4,-1.0331239326296904,Decrease
2021,1,0.111175348,0.109302055,-1.6849895536193853,Decrease
2021,2,0.085953648,0.090076556,4.796664360307323,Increase
2021,3,0.211570856,0.211663784,0.0439228737629119,Increase
2021,4,0.081147837,0.081576176,0.5278501754766425,Increase
2021,5,0.074197631,0.07482048,0.8394459386445839,Increase
2021,6,0.054066771,0.054020318,-0.08591783666903624,Decrease
2021,7,0.137778715,0.137242475,-0.38920380408540856,Decrease
2021,8,0.159087032,0.157356798,-1.0876021623182945,Decrease
2021,9,0.042216564,0.041645473,-1.3527652321491532,Decrease
2021,10,0.016390562,0.016215476,-1.0682123041296654,Decrease
2021,11,0.013731925,0.01354535,-1.3586951574524424,Decrease
2021,12,0.00889503,0.008767476,-1.4339917909214495,Decrease
2021,13,0.001939568,0.001932066,-0.3867871608523106,Decrease
2021,14,0.001377789,0.001367639,-0.7366875479481984,Decrease
2021,15,4.70725e-4,4.67876e-4,-0.6052366031122262,Decrease
2022,1,0.069243486,0.069393281,0.21633081846860544,Increase
2022,2,0.029955316,0.029619521,-1.1209863384515786,Decrease
2022,3,0.051166532,0.050652934,-1.0037772346970946,Decrease
2022,4,0.341656072,0.342410746,0.22088704455983174,Increase
2022,5,0.159691322,0.160746053,0.6604810999059819,Increase
2022,6,0.062220556,0.062274995,0.08749359295342267,Increase
2022,7,0.069146634,0.069195445,0.0705905655508782,Increase
2022,8,0.097428298,0.096942742,-0.49837265965582006,Decrease
2022,9,0.073000327,0.072575947,-0.5813398616693894,Decrease
2022,10,0.023183746,0.023009189,-0.7529283662786947,Decrease
2022,11,0.009887303,0.009840205,-0.47634830246428805,Decrease
2022,12,0.008238677,0.008163882,-0.9078520738220351,Decrease
2022,13,0.003178255,0.003178656,0.01261698636516371,Increase
2022,14,0.001816896,0.001804916,-0.6593663038500815,Decrease
2022,15,1.8658e-4,1.91488e-4,2.630507021116948,Increase
2023,1,0.133870738,0.137823943,2.9530015738017488,Increase
2023,2,0.045932713,0.046919474,2.1482750213339297,Increase
2023,3,0.041074841,0.040865978,-0.5084937516861078,Decrease
2023,4,0.076468468,0.075470012,-1.3057094330698438,Decrease
2023,5,0.33054063,0.324279993,-1.8940597408554625,Decrease
2023,6,0.097147029,0.096322296,-0.8489533941382749,Decrease
2023,7,0.05352485,0.05228464,-2.3170732846518924,Decrease
2023,8,0.053240565,0.050827934,-4.531565358106171,Decrease
2023,9,0.084524249,0.084202934,-0.38014534740202494,Decrease
2023,10,0.059698642,0.060431746,1.2280078330759991,Increase
2023,11,0.012742319,0.015145606,18.860672064480575,Increase
2023,12,0.005287305,0.008185838,54.82061276964353,Increase
2023,13,0.003238908,0.004563824,40.90625605914092,Increase
2023,14,0.001280395,0.001406192,9.824858734999745,Increase
2023,15,0.001428347,0.00126959,-11.114736125045248,Decrease
2024,1,0.098637527,0.108073314,9.566122840853462,Increase
2024,2,0.066477214,0.060682921,-8.716209135960488,Decrease
2024,3,0.05911436,0.056898736,-3.7480300894740286,Decrease
2024,4,0.040173573,0.039147854,-2.5532182561904424,Decrease
2024,5,0.126037352,0.124620031,-1.1245245774443002,Decrease
2024,6,0.412724652,0.410873786,-0.448450556813361,Decrease
2024,7,0.091499397,0.091317377,-0.19893027273173297,Decrease
2024,8,0.028518593,0.028591806,0.2567202386176714,Increase
2024,9,0.026885003,0.027135834,0.932977392637821,Increase
2024,10,0.024196944,0.024864851,2.7602948537633463,Increase
2024,11,0.016530097,0.017546707,6.150054654851699,Increase
2024,12,0.006222237,0.006841004,9.944446024797834,Increase
2024,13,0.001969535,0.002135507,8.426963724940146,Increase
2024,14,7.51052e-4,9.27869e-4,23.542577611137446,Increase
2024,15,2.62465e-4,3.42404e-4,30.4570133160612,Increase
