year,quantity,Current tinyVAST BTS ages,Prior BTSProp ages for 1982-2024,difference,percent_difference
1964,spawning_biomass,528.691,526.09,2.600999999999999,0.4944020985002564
1964,recruitment_age1,6339.69,6326.95,12.739999999999782,0.2013608452729954
1964,predicted_catch,175.408,175.41,-0.0020000000000095497,-0.001140185850299042
1965,spawning_biomass,620.079,617.015,3.0639999999999645,0.49658436180643334
1965,recruitment_age1,20900.4,20867.1,33.30000000000291,0.15958135054704733
1965,predicted_catch,231.406,231.408,-0.001999999999981128,-8.642743552431757e-4
1966,spawning_biomass,716.454,712.99,3.463999999999942,0.4858413161474834
1966,recruitment_age1,15002.2,14986.8,15.400000000001455,0.1027570929084358
1966,predicted_catch,262.924,262.928,-0.004000000000019099,-0.0015213290330505307
1967,spawning_biomass,900.525,896.684,3.841000000000008,0.42835603177931225
1967,recruitment_age1,25470.6,25459.1,11.5,0.045170489137479335
1967,predicted_catch,551.645,551.653,-0.008000000000038199,-0.0014501869834911074
1968,spawning_biomass,1117.09,1112.9,4.189999999999827,0.37649384490967985
1968,recruitment_age1,22080.7,22078.9,1.7999999999992724,0.008152580065126761
1968,predicted_catch,704.125,704.134,-0.009000000000014552,-0.0012781658036701185
1969,spawning_biomass,1310.99,1306.8,4.190000000000055,0.3206305479032794
1969,recruitment_age1,26127.5,26130.4,-2.900000000001455,-0.011098184490101396
1969,predicted_catch,865.488,865.496,-0.007999999999924512,-9.243254734770019e-4
1970,spawning_biomass,1584.82,1580.66,4.1599999999998545,0.2631812027886993
1970,recruitment_age1,23489,23490.3,-1.2999999999992724,-0.005534199222654765
1970,predicted_catch,1256.22,1256.22,0,0
1971,spawning_biomass,1680.6,1676.81,3.7899999999999636,0.2260244154078258
1971,recruitment_age1,14393.4,14391.5,1.8999999999996362,0.013202237431814864
1971,predicted_catch,1733.56,1733.55,0.009999999999990905,5.768509705512333e-4
1972,spawning_biomass,1634.35,1631.02,3.3299999999999272,0.20416671775943443
1972,recruitment_age1,11740.2,11736.9,3.3000000000010914,0.028116453237235484
1972,predicted_catch,1862.18,1862.16,0.01999999999998181,0.0010740215663520756
1973,spawning_biomass,1393.01,1390.08,2.9300000000000637,0.21077923572744472
1973,recruitment_age1,26789,26785.5,3.5,0.013066771200836273
1973,predicted_catch,1749.3,1749.27,0.029999999999972715,0.0017150011147491649
1974,spawning_biomass,1184.3,1181.37,2.9300000000000637,0.24801713265108002
1974,recruitment_age1,19424.1,19412.2,11.899999999997817,0.06130165565983153
1974,predicted_catch,1584.85,1584.84,0.009999999999990905,6.309785214905547e-4
1975,spawning_biomass,957.173,954.635,2.538000000000011,0.26586077401310565
1975,recruitment_age1,16489.2,16470.9,18.299999999999272,0.11110503979745655
1975,predicted_catch,1354.32,1354.31,0.009999999999990905,7.38383383419668e-4
1976,spawning_biomass,1095.34,1092.5,2.839999999999918,0.2599542334096035
1976,recruitment_age1,12675.9,12655.6,20.299999999999272,0.16040329972501716
1976,predicted_catch,1177.12,1177.11,0.009999999999990905,8.495382759462502e-4
1977,spawning_biomass,1000.83,997.922,2.9080000000000155,0.2914055407136044
1977,recruitment_age1,13374.4,13334.5,39.899999999999636,0.2992238179159296
1977,predicted_catch,978.215,978.211,0.004000000000019099,4.089097342004025e-4
1978,spawning_biomass,965.471,962.204,3.2670000000000528,0.33953298884644556
1978,recruitment_age1,24497.1,24422.5,74.59999999999854,0.3054560343945073
1978,predicted_catch,979.028,979.022,0.005999999999971806,6.128565037324805e-4
1979,spawning_biomass,995.138,990.835,4.302999999999997,0.43428017782980993
1979,recruitment_age1,57289.8,56968.5,321.3000000000029,0.5639958924668947
1979,predicted_catch,935.752,935.749,0.0029999999999290594,3.2059879304482925e-4
1980,spawning_biomass,1055.88,1050.11,5.770000000000209,0.5494662463932549
1980,recruitment_age1,27234.8,27114.8,120,0.44256273326744067
1980,predicted_catch,959.87,959.876,-0.005999999999971806,-6.250807395925938e-4
1981,spawning_biomass,1515.51,1505.85,9.660000000000082,0.6414981571869763
1981,recruitment_age1,31968.9,31708.6,260.3000000000029,0.8209129384457305
1981,predicted_catch,975.915,975.926,-0.011000000000080945,-0.0011271346393149629
1982,spawning_biomass,2459.56,2442.8,16.759999999999764,0.6860979204191814
1982,recruitment_age1,18306.8,18128,178.79999999999927,0.9863195057369775
1982,predicted_catch,952.986,952.984,0.0019999999999527063,2.0986711213962734e-4
1983,spawning_biomass,2933.68,2911.55,22.129999999999654,0.7600762480465613
1983,recruitment_age1,50815.7,50704.9,110.79999999999563,0.21851931470133187
1983,predicted_catch,975.402,975.396,0.0060000000000854925,6.151347760381929e-4
1984,spawning_biomass,3356.35,3327.64,28.710000000000036,0.8627736173384152
1984,recruitment_age1,13957.1,13898.5,58.600000000000364,0.4216282332625849
1984,predicted_catch,1086.22,1086.19,0.029999999999972715,0.002761947725533536
1985,spawning_biomass,3426.27,3396.35,29.920000000000073,0.8809457211418161
1985,recruitment_age1,32282.3,32343.1,-60.79999999999927,-0.18798445418033297
1985,predicted_catch,1130.42,1130.33,0.09000000000014552,0.007962276503334913
1986,spawning_biomass,3579.06,3549.25,29.809999999999945,0.8398957526237922
1986,recruitment_age1,12530.6,12511.8,18.80000000000109,0.1502581563004611
1986,predicted_catch,1130.85,1130.69,0.15999999999985448,0.014150651372158105
1987,spawning_biomass,3568,3541.69,26.309999999999945,0.7428656940613082
1987,recruitment_age1,7107.1,7086.68,20.420000000000073,0.28814621233073984
1987,predicted_catch,853.572,853.472,0.10000000000002274,0.01171684601252563
1988,spawning_biomass,3458.03,3435.82,22.210000000000036,0.6464250164444015
1988,recruitment_age1,5479.99,5446.18,33.80999999999949,0.6208021034927139
1988,predicted_catch,1214.27,1214.03,0.2400000000000091,0.019768868973584597
1989,spawning_biomass,3281.91,3262.28,19.629999999999654,0.6017263999411349
1989,recruitment_age1,11434.2,11398,36.20000000000073,0.31759957887349294
1989,predicted_catch,1214.49,1214.15,0.33999999999991815,0.02800312976155484
1990,spawning_biomass,2813.29,2795.45,17.840000000000146,0.6381798994795166
1990,recruitment_age1,49463.3,49459,4.30000000000291,0.008694069835627307
1990,predicted_catch,1433.03,1432.46,0.5699999999999363,0.03979168702790559
1991,spawning_biomass,2051.28,2036.05,15.230000000000246,0.7480169936887722
1991,recruitment_age1,26438.7,26386.5,52.20000000000073,0.19782843499517075
1991,predicted_catch,1178.55,1177.96,0.5899999999999181,0.0500865903765763
1992,spawning_biomass,2252.06,2237.82,14.239999999999782,0.6363335746395948
1992,recruitment_age1,22694.4,22615.9,78.5,0.3471009334141024
1992,predicted_catch,1384.07,1383.75,0.31999999999993634,0.023125564588974624
1993,spawning_biomass,2761.22,2748.38,12.83999999999969,0.4671843049359874
1993,recruitment_age1,44599.3,44589.4,9.900000000001455,0.0222025862649003
1993,predicted_catch,1334.03,1334.21,-0.18000000000006366,-0.013491129582304409
1994,spawning_biomass,2992.32,2980.01,12.309999999999945,0.4130858621279776
1994,recruitment_age1,15125.5,15144.3,-18.799999999999272,-0.12413911504658039
1994,predicted_catch,1338.38,1338.4,-0.01999999999998181,-0.001494321578002227
1995,spawning_biomass,3080.45,3069.07,11.379999999999654,0.3707963650226177
1995,recruitment_age1,10599.7,10593.6,6.100000000000364,0.057581936263407754
1995,predicted_catch,1278.09,1278.16,-0.07000000000016371,-0.00547662264506507
1996,spawning_biomass,3326.63,3316.42,10.210000000000036,0.30786209225610855
1996,recruitment_age1,21976.8,21981.2,-4.400000000001455,-0.020017105526547483
1996,predicted_catch,1210.49,1210.63,-0.14000000000010004,-0.011564226890139848
1997,spawning_biomass,2910.87,2902.84,8.029999999999745,0.27662564936406225
1997,recruitment_age1,29709.7,29711.5,-1.7999999999992724,-0.006058260269590133
1997,predicted_catch,1128.74,1128.7,0.03999999999996362,0.0035439000620150277
1998,spawning_biomass,2839.01,2832.3,6.710000000000036,0.23690993185750225
1998,recruitment_age1,14593.4,14528.1,65.29999999999927,0.4494737784018507
1998,predicted_catch,1089.84,1089.91,-0.07000000000016371,-0.00642254865082105
1999,spawning_biomass,2726.94,2721.65,5.289999999999964,0.1943673874304177
1999,recruitment_age1,15727.7,15794.6,-66.89999999999964,-0.42356248338039354
1999,predicted_catch,976.904,976.768,0.13599999999996726,0.01392347005634575
2000,spawning_biomass,2973.11,2968.11,5,0.16845736849375528
2000,recruitment_age1,24312.7,24314.3,-1.5999999999985448,-0.006580489670681635
2000,predicted_catch,1122.24,1122.07,0.17000000000007276,0.015150569928798806
2001,spawning_biomass,2782.38,2778.16,4.220000000000255,0.15189909868403026
2001,recruitment_age1,34314.9,34247.7,67.20000000000437,0.19621755621546666
2001,predicted_catch,1387.64,1387.66,-0.01999999999998181,-0.0014412752403313355
2002,spawning_biomass,2577.67,2574.72,2.950000000000273,0.1145755654983949
2002,recruitment_age1,22753.4,22741.8,11.600000000002183,0.0510073960724401
2002,predicted_catch,1487.31,1487.16,0.14999999999986358,0.010086339062364747
2003,spawning_biomass,2754.49,2751.85,2.6399999999998727,0.09593546159855634
2003,recruitment_age1,14122.2,14123,-0.7999999999992724,-0.005664518869923333
2003,predicted_catch,1496.59,1496.49,0.09999999999990905,0.0066823032562803
2004,spawning_biomass,2606.73,2603.82,2.9099999999998545,0.11175887734174614
2004,recruitment_age1,6354.71,6363.75,-9.039999999999964,-0.14205460616774643
2004,predicted_catch,1488.64,1488.48,0.16000000000008185,0.01074922068150609
2005,spawning_biomass,2714.19,2710.92,3.269999999999982,0.12062325704926673
2005,recruitment_age1,4485.3,4486.42,-1.1199999999998909,-0.02496422537345792
2005,predicted_catch,1498.89,1499.22,-0.32999999999992724,-0.02201144595189013
2006,spawning_biomass,2514.36,2511.07,3.2899999999999636,0.13101984413019005
2006,recruitment_age1,11264.3,11260.9,3.399999999999636,0.03019296859042915
2006,predicted_catch,1478.16,1478.24,-0.07999999999992724,-0.005411841108340137
2007,spawning_biomass,1926.04,1923.25,2.7899999999999636,0.14506694397504036
2007,recruitment_age1,24402.3,24391.2,11.099999999998545,0.045508216077923776
2007,predicted_catch,1319.6,1319.36,0.2400000000000091,0.01819063788503586
2008,spawning_biomass,1589.94,1587.73,2.2100000000000364,0.13919243196261558
2008,recruitment_age1,12902.9,12894.6,8.299999999999272,0.06436803002806812
2008,predicted_catch,964.759,964.282,0.47699999999997544,0.04946685720566965
2009,spawning_biomass,1357.25,1355.57,1.6800000000000637,0.12393310563084634
2009,recruitment_age1,48121.7,48094.6,27.099999999998545,0.056347282231266185
2009,predicted_catch,787.348,787.06,0.2880000000000109,0.03659187355474944
2010,spawning_biomass,1528.06,1526.49,1.5699999999999363,0.10285032984165873
2010,recruitment_age1,22159.3,22141.6,17.700000000000728,0.07994002240127511
2010,predicted_catch,788.341,788.368,-0.027000000000043656,-0.003424796541722096
2011,spawning_biomass,1899.26,1897.36,1.900000000000091,0.10013914070076796
2011,recruitment_age1,13472.9,13445.4,27.5,0.20453091763725884
2011,predicted_catch,1178.97,1179.48,-0.5099999999999909,-0.043239393631090896
2012,spawning_biomass,2471.76,2469.17,2.5900000000001455,0.10489354722437683
2012,recruitment_age1,11683.1,11642.6,40.5,0.3478604435435384
2012,predicted_catch,1191.97,1192.23,-0.2599999999999909,-0.021807872642023007
2013,spawning_biomass,2775.4,2772.06,3.3400000000001455,0.12048801252498667
2013,recruitment_age1,42247.2,42159.4,87.79999999999563,0.2082572332623226
2013,predicted_catch,1243.06,1243.07,-0.009999999999990905,-8.044599258280632e-4
2014,spawning_biomass,2295.55,2291.81,3.7400000000002365,0.16318979322021618
2014,recruitment_age1,48013.6,47963.7,49.900000000001455,0.1040370113231495
2014,predicted_catch,1287.51,1287.48,0.029999999999972715,0.002330133283621704
2015,spawning_biomass,2188.53,2183.72,4.8100000000004,0.22026633451176894
2015,recruitment_age1,20580.5,20546.1,34.400000000001455,0.1674283684008228
2015,predicted_catch,1363.04,1363.21,-0.17000000000007276,-0.01247056579691117
2016,spawning_biomass,2733.99,2727.33,6.6599999999998545,0.2441948719076846
2016,recruitment_age1,7495.84,7515.51,-19.670000000000073,-0.2617254185012071
2016,predicted_catch,1422.23,1422.78,-0.5499999999999545,-0.03865671431984949
2017,spawning_biomass,3093.62,3085.69,7.929999999999836,0.25699276336896565
2017,recruitment_age1,6996.31,7009.26,-12.949999999999818,-0.18475559474181039
2017,predicted_catch,1436,1436.59,-0.5899999999999181,-0.04106947702545042
2018,spawning_biomass,3472.12,3463.04,9.079999999999927,0.2621973757161317
2018,recruitment_age1,15522.3,15540.4,-18.100000000000364,-0.11647061851690023
2018,predicted_catch,1423.38,1423.82,-0.4399999999998272,-0.030902782655098764
2019,spawning_biomass,2644.46,2636.95,7.510000000000218,0.2847987258006492
2019,recruitment_age1,70385,70738,-353,-0.49902456953829627
2019,predicted_catch,1460.45,1461.04,-0.5899999999999181,-0.04038219350599013
2020,spawning_biomass,1975.23,1969.52,5.710000000000036,0.2899183557415023
2020,recruitment_age1,24628.2,24676.2,-48,-0.19451941546915652
2020,predicted_catch,1377.78,1378.19,-0.41000000000008185,-0.029749163758268585
2021,spawning_biomass,2462.1,2461.87,0.2300000000000182,0.009342491683152165
2021,recruitment_age1,11975.3,12010.5,-35.20000000000073,-0.2930768910536674
2021,predicted_catch,1378.54,1378.99,-0.4500000000000455,-0.03263257891645664
2022,spawning_biomass,2914.86,2920.45,-5.589999999999691,-0.19140885822389328
2022,recruitment_age1,10019.4,9997.35,22.049999999999272,0.22055844798870972
2022,predicted_catch,1106.29,1106.58,-0.2899999999999636,-0.026206871622473173
2023,spawning_biomass,3584.02,3595.1,-11.079999999999927,-0.30819726850435114
2023,recruitment_age1,12115.3,12177.6,-62.30000000000109,-0.5115950597819036
2023,predicted_catch,1321.48,1321.65,-0.17000000000007276,-0.012862709491928479
2024,spawning_biomass,2762.48,2772.65,-10.170000000000073,-0.36679710746037447
2024,recruitment_age1,16261.2,15658.2,603,3.8510173583170477
2024,predicted_catch,1315.84,1315.56,0.2799999999999727,0.021283711879349687
2025,spawning_biomass,2327.79,2337.49,-9.699999999999818,-0.41497503732635516
2025,recruitment_age1,20051,20463.4,-412.40000000000146,-2.0153053744734573
2025,predicted_catch,1342.8,1342.58,0.22000000000002728,0.016386360589315148
