"Scenario","Year","Quantity","Value","Reference_value","Percent_change"
"Model 26.0 base",1964,"Spawning biomass",1313.94686080523,1313.94686080523,0
"Model 26.0 base",1964,"Total biomass",4713.49701846241,4713.49701846241,0
"Model 26.0 base",1964,"Age-1 recruitment",5634.81581209706,5634.81581209706,0
"Model 26.0 base",1964,"Fishing mortality",0.054301048946838,0.054301048946838,0
"Model 26.0 base",1965,"Spawning biomass",1342.63619984016,1342.63619984016,0
"Model 26.0 base",1965,"Total biomass",5088.55848446366,5088.55848446366,0
"Model 26.0 base",1965,"Age-1 recruitment",23293.2216034542,23293.2216034542,0
"Model 26.0 base",1965,"Fishing mortality",0.0667944622866778,0.0667944622866778,0
"Model 26.0 base",1966,"Spawning biomass",1365.24540512601,1365.24540512601,0
"Model 26.0 base",1966,"Total biomass",5309.8677342692,5309.8677342692,0
"Model 26.0 base",1966,"Age-1 recruitment",15752.5897696778,15752.5897696778,0
"Model 26.0 base",1966,"Fishing mortality",0.0706134206495381,0.0706134206495381,0
"Model 26.0 base",1967,"Spawning biomass",1475.25257258648,1475.25257258648,0
"Model 26.0 base",1967,"Total biomass",6049.68034886205,6049.68034886205,0
"Model 26.0 base",1967,"Age-1 recruitment",27115.19110399,27115.19110399,0
"Model 26.0 base",1967,"Fishing mortality",0.13357737168546,0.13357737168546,0
"Model 26.0 base",1968,"Spawning biomass",1640.42142114754,1640.42142114754,0
"Model 26.0 base",1968,"Total biomass",6695.04832786394,6695.04832786394,0
"Model 26.0 base",1968,"Age-1 recruitment",22388.2941849798,22388.2941849798,0
"Model 26.0 base",1968,"Fishing mortality",0.142131343329709,0.142131343329709,0
"Model 26.0 base",1969,"Spawning biomass",1862.07073142731,1862.07073142731,0
"Model 26.0 base",1969,"Total biomass",7283.32628444145,7283.32628444145,0
"Model 26.0 base",1969,"Age-1 recruitment",26267.8011526196,26267.8011526196,0
"Model 26.0 base",1969,"Fishing mortality",0.151655825033808,0.151655825033808,0
"Model 26.0 base",1970,"Spawning biomass",1974.73235056632,1974.73235056632,0
"Model 26.0 base",1970,"Total biomass",7988.62698478385,7988.62698478385,0
"Model 26.0 base",1970,"Age-1 recruitment",23326.6099669886,23326.6099669886,0
"Model 26.0 base",1970,"Fishing mortality",0.219766732412337,0.219766732412337,0
"Model 26.0 base",1971,"Spawning biomass",2087.34087649917,2087.34087649917,0
"Model 26.0 base",1971,"Total biomass",7920.32814507344,7920.32814507344,0
"Model 26.0 base",1971,"Age-1 recruitment",13590.5057326603,13590.5057326603,0
"Model 26.0 base",1971,"Fishing mortality",0.313578619769085,0.313578619769085,0
"Model 26.0 base",1972,"Spawning biomass",1951.62703070648,1951.62703070648,0
"Model 26.0 base",1972,"Total biomass",7190.2261821449,7190.2261821449,0
"Model 26.0 base",1972,"Age-1 recruitment",10858.3442555022,10858.3442555022,0
"Model 26.0 base",1972,"Fishing mortality",0.35731621211176,0.35731621211176,0
"Model 26.0 base",1973,"Spawning biomass",1673.21701586229,1673.21701586229,0
"Model 26.0 base",1973,"Total biomass",6449.11292945095,6449.11292945095,0
"Model 26.0 base",1973,"Age-1 recruitment",26722.8321233808,26722.8321233808,0
"Model 26.0 base",1973,"Fishing mortality",0.412567557276101,0.412567557276101,0
"Model 26.0 base",1974,"Spawning biomass",1272.09870520628,1272.09870520628,0
"Model 26.0 base",1974,"Total biomass",5419.58726463328,5419.58726463328,0
"Model 26.0 base",1974,"Age-1 recruitment",19195.0860066139,19195.0860066139,0
"Model 26.0 base",1974,"Fishing mortality",0.449469260420593,0.449469260420593,0
"Model 26.0 base",1975,"Spawning biomass",1178.59504815136,1178.59504815136,0
"Model 26.0 base",1975,"Total biomass",4649.36877076781,4649.36877076781,0
"Model 26.0 base",1975,"Age-1 recruitment",16293.5935924086,16293.5935924086,0
"Model 26.0 base",1975,"Fishing mortality",0.377375876663915,0.377375876663915,0
"Model 26.0 base",1976,"Spawning biomass",1100.85764879417,1100.85764879417,0
"Model 26.0 base",1976,"Total biomass",4242.42020343655,4242.42020343655,0
"Model 26.0 base",1976,"Age-1 recruitment",12775.2436229366,12775.2436229366,0
"Model 26.0 base",1976,"Fishing mortality",0.349008992037287,0.349008992037287,0
"Model 26.0 base",1977,"Spawning biomass",1280.50144563675,1280.50144563675,0
"Model 26.0 base",1977,"Total biomass",3968.48909184715,3968.48909184715,0
"Model 26.0 base",1977,"Age-1 recruitment",13803.4098959893,13803.4098959893,0
"Model 26.0 base",1977,"Fishing mortality",0.327920789013418,0.327920789013418,0
"Model 26.0 base",1978,"Spawning biomass",1131.85715473736,1131.85715473736,0
"Model 26.0 base",1978,"Total biomass",4231.71064210295,4231.71064210295,0
"Model 26.0 base",1978,"Age-1 recruitment",26202.0373265028,26202.0373265028,0
"Model 26.0 base",1978,"Fishing mortality",0.368553446781385,0.368553446781385,0
"Model 26.0 base",1979,"Spawning biomass",1037.73389324034,1037.73389324034,0
"Model 26.0 base",1979,"Total biomass",5432.23558254995,5432.23558254995,0
"Model 26.0 base",1979,"Age-1 recruitment",62002.2870275712,62002.2870275712,0
"Model 26.0 base",1979,"Fishing mortality",0.385570089516404,0.385570089516404,0
"Model 26.0 base",1980,"Spawning biomass",1229.15017123997,1229.15017123997,0
"Model 26.0 base",1980,"Total biomass",6185.98352176406,6185.98352176406,0
"Model 26.0 base",1980,"Age-1 recruitment",29638.6117793068,29638.6117793068,0
"Model 26.0 base",1980,"Fishing mortality",0.352420789067693,0.352420789067693,0
"Model 26.0 base",1981,"Spawning biomass",1886.22852536653,1886.22852536653,0
"Model 26.0 base",1981,"Total biomass",7700.39733508222,7700.39733508222,0
"Model 26.0 base",1981,"Age-1 recruitment",33816.761976614,33816.761976614,0
"Model 26.0 base",1981,"Fishing mortality",0.250255953097428,0.250255953097428,0
"Model 26.0 base",1982,"Spawning biomass",2628.36368917204,2628.36368917204,0
"Model 26.0 base",1982,"Total biomass",9295.79148845914,9295.79148845914,0
"Model 26.0 base",1982,"Age-1 recruitment",18902.7721678056,18902.7721678056,0
"Model 26.0 base",1982,"Fishing mortality",0.159446740595048,0.159446740595048,0
"Model 26.0 base",1983,"Spawning biomass",3535.68006995811,3535.68006995811,0
"Model 26.0 base",1983,"Total biomass",10646.6133320291,10646.6133320291,0
"Model 26.0 base",1983,"Age-1 recruitment",51934.6599808869,51934.6599808869,0
"Model 26.0 base",1983,"Fishing mortality",0.131614701425846,0.131614701425846,0
"Model 26.0 base",1984,"Spawning biomass",3672.58896677704,3672.58896677704,0
"Model 26.0 base",1984,"Total biomass",10379.8275063368,10379.8275063368,0
"Model 26.0 base",1984,"Age-1 recruitment",14221.6338899005,14221.6338899005,0
"Model 26.0 base",1984,"Fishing mortality",0.12867198970209,0.12867198970209,0
"Model 26.0 base",1985,"Spawning biomass",4200.41090620621,4200.41090620621,0
"Model 26.0 base",1985,"Total biomass",12234.2466393933,12234.2466393933,0
"Model 26.0 base",1985,"Age-1 recruitment",32617.3345130517,32617.3345130517,0
"Model 26.0 base",1985,"Fishing mortality",0.130055175569439,0.130055175569439,0
"Model 26.0 base",1986,"Spawning biomass",4091.74899688871,4091.74899688871,0
"Model 26.0 base",1986,"Total biomass",11065.5774449182,11065.5774449182,0
"Model 26.0 base",1986,"Age-1 recruitment",12646.1607332945,12646.1607332945,0
"Model 26.0 base",1986,"Fishing mortality",0.121710776525969,0.121710776525969,0
"Model 26.0 base",1987,"Spawning biomass",4111.58679771117,4111.58679771117,0
"Model 26.0 base",1987,"Total biomass",10670.0961447187,10670.0961447187,0
"Model 26.0 base",1987,"Age-1 recruitment",7214.81141381756,7214.81141381756,0
"Model 26.0 base",1987,"Fishing mortality",0.0909723453785559,0.0909723453785559,0
"Model 26.0 base",1988,"Spawning biomass",3871.64228307285,3871.64228307285,0
"Model 26.0 base",1988,"Total biomass",9607.73523557,9607.73523557,0
"Model 26.0 base",1988,"Age-1 recruitment",5596.25815466982,5596.25815466982,0
"Model 26.0 base",1988,"Fishing mortality",0.128338307116699,0.128338307116699,0
"Model 26.0 base",1989,"Spawning biomass",3349.55456712521,3349.55456712521,0
"Model 26.0 base",1989,"Total biomass",8173.76806607309,8173.76806607309,0
"Model 26.0 base",1989,"Age-1 recruitment",11775.7701793512,11775.7701793512,0
"Model 26.0 base",1989,"Fishing mortality",0.135690599541527,0.135690599541527,0
"Model 26.0 base",1990,"Spawning biomass",2839.68088325935,2839.68088325935,0
"Model 26.0 base",1990,"Total biomass",7819.87949830427,7819.87949830427,0
"Model 26.0 base",1990,"Age-1 recruitment",50238.4612143097,50238.4612143097,0
"Model 26.0 base",1990,"Fishing mortality",0.207259592519049,0.207259592519049,0
"Model 26.0 base",1991,"Spawning biomass",2289.95445613664,2289.95445613664,0
"Model 26.0 base",1991,"Total biomass",8914.0116700812,8914.0116700812,0
"Model 26.0 base",1991,"Age-1 recruitment",27208.1575383441,27208.1575383441,0
"Model 26.0 base",1991,"Fishing mortality",0.24956530646386,0.24956530646386,0
"Model 26.0 base",1992,"Spawning biomass",2171.31808943673,2171.31808943673,0
"Model 26.0 base",1992,"Total biomass",9819.18936083267,9819.18936083267,0
"Model 26.0 base",1992,"Age-1 recruitment",23529.6406869378,23529.6406869378,0
"Model 26.0 base",1992,"Fishing mortality",0.333982773105366,0.333982773105366,0
"Model 26.0 base",1993,"Spawning biomass",2842.22601791294,2842.22601791294,0
"Model 26.0 base",1993,"Total biomass",10420.5282241301,10420.5282241301,0
"Model 26.0 base",1993,"Age-1 recruitment",45924.0399978813,45924.0399978813,0
"Model 26.0 base",1993,"Fishing mortality",0.215769779614214,0.215769779614214,0
"Model 26.0 base",1994,"Spawning biomass",3301.06599844736,3301.06599844736,0
"Model 26.0 base",1994,"Total biomass",10617.3212163097,10617.3212163097,0
"Model 26.0 base",1994,"Age-1 recruitment",15825.3944838432,15825.3944838432,0
"Model 26.0 base",1994,"Fishing mortality",0.169158903336342,0.169158903336342,0
"Model 26.0 base",1995,"Spawning biomass",3528.76047629549,3528.76047629549,0
"Model 26.0 base",1995,"Total biomass",8876.44823306461,8876.44823306461,0
"Model 26.0 base",1995,"Age-1 recruitment",11093.8944867838,11093.8944867838,0
"Model 26.0 base",1995,"Fishing mortality",0.167274376863314,0.167274376863314,0
"Model 26.0 base",1996,"Spawning biomass",3465.37405971209,3465.37405971209,0
"Model 26.0 base",1996,"Total biomass",9267.57981670779,9267.57981670779,0
"Model 26.0 base",1996,"Age-1 recruitment",22577.0822279064,22577.0822279064,0
"Model 26.0 base",1996,"Fishing mortality",0.195631241872624,0.195631241872624,0
"Model 26.0 base",1997,"Spawning biomass",3369.36330805404,3369.36330805404,0
"Model 26.0 base",1997,"Total biomass",8653.78803973821,8653.78803973821,0
"Model 26.0 base",1997,"Age-1 recruitment",30233.4273288941,30233.4273288941,0
"Model 26.0 base",1997,"Fishing mortality",0.198902190182729,0.198902190182729,0
"Model 26.0 base",1998,"Spawning biomass",2863.8872897713,2863.8872897713,0
"Model 26.0 base",1998,"Total biomass",8809.26617008891,8809.26617008891,0
"Model 26.0 base",1998,"Age-1 recruitment",14873.8270410008,14873.8270410008,0
"Model 26.0 base",1998,"Fishing mortality",0.168190229515376,0.168190229515376,0
"Model 26.0 base",1999,"Spawning biomass",2984.6094776387,2984.6094776387,0
"Model 26.0 base",1999,"Total biomass",8872.51731659727,8872.51731659727,0
"Model 26.0 base",1999,"Age-1 recruitment",16128.8930711513,16128.8930711513,0
"Model 26.0 base",1999,"Fishing mortality",0.135586594500635,0.135586594500635,0
"Model 26.0 base",2000,"Spawning biomass",2871.90977598312,2871.90977598312,0
"Model 26.0 base",2000,"Total biomass",9192.54912839149,9192.54912839149,0
"Model 26.0 base",2000,"Age-1 recruitment",24679.3449497006,24679.3449497006,0
"Model 26.0 base",2000,"Fishing mortality",0.151879959686362,0.151879959686362,0
"Model 26.0 base",2001,"Spawning biomass",2910.94789506352,2910.94789506352,0
"Model 26.0 base",2001,"Total biomass",9053.62005473203,9053.62005473203,0
"Model 26.0 base",2001,"Age-1 recruitment",34465.7525920263,34465.7525920263,0
"Model 26.0 base",2001,"Fishing mortality",0.175961134972319,0.175961134972319,0
"Model 26.0 base",2002,"Spawning biomass",2706.02777994598,2706.02777994598,0
"Model 26.0 base",2002,"Total biomass",9500.29772443274,9500.29772443274,0
"Model 26.0 base",2002,"Age-1 recruitment",23035.2561782968,23035.2561782968,0
"Model 26.0 base",2002,"Fishing mortality",0.207717595355891,0.207717595355891,0
"Model 26.0 base",2003,"Spawning biomass",2732.28693118088,2732.28693118088,0
"Model 26.0 base",2003,"Total biomass",10790.3141675465,10790.3141675465,0
"Model 26.0 base",2003,"Age-1 recruitment",14406.5322092461,14406.5322092461,0
"Model 26.0 base",2003,"Fishing mortality",0.224255000659838,0.224255000659838,0
"Model 26.0 base",2004,"Spawning biomass",3023.38440275775,3023.38440275775,0
"Model 26.0 base",2004,"Total biomass",9973.21330203125,9973.21330203125,0
"Model 26.0 base",2004,"Age-1 recruitment",6565.93471778996,6565.93471778996,0
"Model 26.0 base",2004,"Fishing mortality",0.204095657507776,0.204095657507776,0
"Model 26.0 base",2005,"Spawning biomass",2661.3619223968,2661.3619223968,0
"Model 26.0 base",2005,"Total biomass",8227.1500252455,8227.1500252455,0
"Model 26.0 base",2005,"Age-1 recruitment",4652.69650088966,4652.69650088966,0
"Model 26.0 base",2005,"Fishing mortality",0.194068672369972,0.194068672369972,0
"Model 26.0 base",2006,"Spawning biomass",2435.63506514968,2435.63506514968,0
"Model 26.0 base",2006,"Total biomass",6946.30855534712,6946.30855534712,0
"Model 26.0 base",2006,"Age-1 recruitment",11590.6402533457,11590.6402533457,0
"Model 26.0 base",2006,"Fishing mortality",0.238713403704113,0.238713403704113,0
"Model 26.0 base",2007,"Spawning biomass",2002.93563228645,2002.93563228645,0
"Model 26.0 base",2007,"Total biomass",6365.89400279103,6365.89400279103,0
"Model 26.0 base",2007,"Age-1 recruitment",25035.983331307,25035.983331307,0
"Model 26.0 base",2007,"Fishing mortality",0.256183379014462,0.256183379014462,0
"Model 26.0 base",2008,"Spawning biomass",1538.23472429027,1538.23472429027,0
"Model 26.0 base",2008,"Total biomass",5044.79081929389,5044.79081929389,0
"Model 26.0 base",2008,"Age-1 recruitment",13590.3957828699,13590.3957828699,0
"Model 26.0 base",2008,"Fishing mortality",0.2789920643156,0.2789920643156,0
"Model 26.0 base",2009,"Spawning biomass",1628.90827273024,1628.90827273024,0
"Model 26.0 base",2009,"Total biomass",6012.93884387576,6012.93884387576,0
"Model 26.0 base",2009,"Age-1 recruitment",49682.9213588427,49682.9213588427,0
"Model 26.0 base",2009,"Fishing mortality",0.266409996887844,0.266409996887844,0
"Model 26.0 base",2010,"Spawning biomass",1664.93799542578,1664.93799542578,0
"Model 26.0 base",2010,"Total biomass",7935.21823147814,7935.21823147814,0
"Model 26.0 base",2010,"Age-1 recruitment",23227.7040980248,23227.7040980248,0
"Model 26.0 base",2010,"Fishing mortality",0.221669345497034,0.221669345497034,0
"Model 26.0 base",2011,"Spawning biomass",2039.86702620026,2039.86702620026,0
"Model 26.0 base",2011,"Total biomass",8760.49640005788,8760.49640005788,0
"Model 26.0 base",2011,"Age-1 recruitment",14247.5377750981,14247.5377750981,0
"Model 26.0 base",2011,"Fishing mortality",0.300434628905846,0.300434628905846,0
"Model 26.0 base",2012,"Spawning biomass",2487.19602356972,2487.19602356972,0
"Model 26.0 base",2012,"Total biomass",8893.26102757374,8893.26102757374,0
"Model 26.0 base",2012,"Age-1 recruitment",12316.5729922859,12316.5729922859,0
"Model 26.0 base",2012,"Fishing mortality",0.298362025142273,0.298362025142273,0
"Model 26.0 base",2013,"Spawning biomass",2837.55545799887,2837.55545799887,0
"Model 26.0 base",2013,"Total biomass",9680.94888472081,9680.94888472081,0
"Model 26.0 base",2013,"Age-1 recruitment",43505.6516116215,43505.6516116215,0
"Model 26.0 base",2013,"Fishing mortality",0.281713076861739,0.281713076861739,0
"Model 26.0 base",2014,"Spawning biomass",2795.38839259423,2795.38839259423,0
"Model 26.0 base",2014,"Total biomass",10539.1937966037,10539.1937966037,0
"Model 26.0 base",2014,"Age-1 recruitment",49731.1169614748,49731.1169614748,0
"Model 26.0 base",2014,"Fishing mortality",0.265127419213925,0.265127419213925,0
"Model 26.0 base",2015,"Spawning biomass",2610.55153046946,2610.55153046946,0
"Model 26.0 base",2015,"Total biomass",11632.2114500095,11632.2114500095,0
"Model 26.0 base",2015,"Age-1 recruitment",21297.8038744331,21297.8038744331,0
"Model 26.0 base",2015,"Fishing mortality",0.286944058461393,0.286944058461393,0
"Model 26.0 base",2016,"Spawning biomass",2871.70659755628,2871.70659755628,0
"Model 26.0 base",2016,"Total biomass",12664.7062926195,12664.7062926195,0
"Model 26.0 base",2016,"Age-1 recruitment",8092.22275601511,8092.22275601511,0
"Model 26.0 base",2016,"Fishing mortality",0.213191466487969,0.213191466487969,0
"Model 26.0 base",2017,"Spawning biomass",3320.9366465953,3320.9366465953,0
"Model 26.0 base",2017,"Total biomass",11686.1738327255,11686.1738327255,0
"Model 26.0 base",2017,"Age-1 recruitment",8160.70302541484,8160.70302541484,0
"Model 26.0 base",2017,"Fishing mortality",0.20767406014357,0.20767406014357,0
"Model 26.0 base",2018,"Spawning biomass",3167.79231786894,3167.79231786894,0
"Model 26.0 base",2018,"Total biomass",10136.9683852203,10136.9683852203,0
"Model 26.0 base",2018,"Age-1 recruitment",17119.7476651656,17119.7476651656,0
"Model 26.0 base",2018,"Fishing mortality",0.171569104516092,0.171569104516092,0
"Model 26.0 base",2019,"Spawning biomass",3079.58896927978,3079.58896927978,0
"Model 26.0 base",2019,"Total biomass",10873.726093137,10873.726093137,0
"Model 26.0 base",2019,"Age-1 recruitment",83858.3737996244,83858.3737996244,0
"Model 26.0 base",2019,"Fishing mortality",0.189794012626887,0.189794012626887,0
"Model 26.0 base",2020,"Spawning biomass",2379.85303553224,2379.85303553224,0
"Model 26.0 base",2020,"Total biomass",11518.7094687622,11518.7094687622,0
"Model 26.0 base",2020,"Age-1 recruitment",20857.3632753926,20857.3632753926,0
"Model 26.0 base",2020,"Fishing mortality",0.24745861835736,0.24745861835736,0
"Model 26.0 base",2021,"Spawning biomass",2595.19696984535,2595.19696984535,0
"Model 26.0 base",2021,"Total biomass",11218.2978629911,11218.2978629911,0
"Model 26.0 base",2021,"Age-1 recruitment",10885.2510193458,10885.2510193458,0
"Model 26.0 base",2021,"Fishing mortality",0.235206976313168,0.235206976313168,0
"Model 26.0 base",2022,"Spawning biomass",3576.43283969098,3576.43283969098,0
"Model 26.0 base",2022,"Total biomass",12236.4814815517,12236.4814815517,0
"Model 26.0 base",2022,"Age-1 recruitment",10579.8808349915,10579.8808349915,0
"Model 26.0 base",2022,"Fishing mortality",0.16825473046608,0.16825473046608,0
"Model 26.0 base",2023,"Spawning biomass",3494.63922974156,3494.63922974156,0
"Model 26.0 base",2023,"Total biomass",10905.6116168498,10905.6116168498,0
"Model 26.0 base",2023,"Age-1 recruitment",14459.1453578969,14459.1453578969,0
"Model 26.0 base",2023,"Fishing mortality",0.1682382378576,0.1682382378576,0
"Model 26.0 base",2024,"Spawning biomass",3536.73600119035,3536.73600119035,0
"Model 26.0 base",2024,"Total biomass",9646.63616451432,9646.63616451432,0
"Model 26.0 base",2024,"Age-1 recruitment",15767.7116818254,15767.7116818254,0
"Model 26.0 base",2024,"Fishing mortality",0.172748219862802,0.172748219862802,0
"Drop BTS",1964,"Spawning biomass",1477.57136907927,1313.94686080523,12.4529014950997
"Drop BTS",1964,"Total biomass",5298.00956111126,4713.49701846241,12.4008255518006
"Drop BTS",1964,"Age-1 recruitment",6248.74009383303,5634.81581209706,10.8951969719751
"Drop BTS",1964,"Fishing mortality",0.0478297487678749,0.054301048946838,-11.9174496708132
"Drop BTS",1965,"Spawning biomass",1531.33112854136,1342.63619984016,14.054062353128
"Drop BTS",1965,"Total biomass",5757.9138795802,5088.55848446366,13.1541260095606
"Drop BTS",1965,"Age-1 recruitment",25663.2220524817,23293.2216034542,10.1746357346979
"Drop BTS",1965,"Fishing mortality",0.0577350820820464,0.0667944622866778,-13.5630707913316
"Drop BTS",1966,"Spawning biomass",1574.52361564724,1365.24540512601,15.3289811293609
"Drop BTS",1966,"Total biomass",6032.15870438331,5309.8677342692,13.6028053100556
"Drop BTS",1966,"Age-1 recruitment",16991.217448511,15752.5897696778,7.86300980945629
"Drop BTS",1966,"Fishing mortality",0.0604639738994172,0.0706134206495381,-14.3732546260486
"Drop BTS",1967,"Spawning biomass",1707.46158049676,1475.25257258648,15.7402882886121
"Drop BTS",1967,"Total biomass",6852.90681894033,6049.68034886205,13.2771720778499
"Drop BTS",1967,"Age-1 recruitment",28858.4031170719,27115.19110399,6.42891287911791
"Drop BTS",1967,"Fishing mortality",0.11315986798196,0.13357737168546,-15.2851515536467
"Drop BTS",1968,"Spawning biomass",1900.91860957195,1640.42142114754,15.8798943409425
"Drop BTS",1968,"Total biomass",7582.76486578032,6695.04832786394,13.259299925018
"Drop BTS",1968,"Age-1 recruitment",23515.9568584044,22388.2941849798,5.03684052079825
"Drop BTS",1968,"Fishing mortality",0.120828573693387,0.142131343329709,-14.9880871715294
"Drop BTS",1969,"Spawning biomass",2148.50683536082,1862.07073142731,15.3826650673976
"Drop BTS",1969,"Total biomass",8212.32941076078,7283.32628444145,12.7552040103416
"Drop BTS",1969,"Age-1 recruitment",27391.0927113643,26267.8011526196,4.27630600756519
"Drop BTS",1969,"Fishing mortality",0.128772548097908,0.151655825033808,-15.088953510885
"Drop BTS",1970,"Spawning biomass",2267.85314547555,1974.73235056632,14.8435708173394
"Drop BTS",1970,"Total biomass",8972.24387275819,7988.62698478385,12.3127151868258
"Drop BTS",1970,"Age-1 recruitment",24407.9054766823,23326.6099669886,4.63545929401628
"Drop BTS",1970,"Fishing mortality",0.185968849760287,0.219766732412337,-15.378980376628
"Drop BTS",1971,"Spawning biomass",2398.32105171874,2087.34087649917,14.8983895596935
"Drop BTS",1971,"Total biomass",8922.89993227349,7920.32814507344,12.6582102260961
"Drop BTS",1971,"Age-1 recruitment",14388.27649231,13590.5057326603,5.87005940281211
"Drop BTS",1971,"Fishing mortality",0.264452065473401,0.313578619769085,-15.6664234098165
"Drop BTS",1972,"Spawning biomass",2264.31653326351,1951.62703070648,16.0219907614133
"Drop BTS",1972,"Total biomass",8190.3131714872,7190.2261821449,13.9089781601832
"Drop BTS",1972,"Age-1 recruitment",11688.8993531563,10858.3442555022,7.64900318235124
"Drop BTS",1972,"Fishing mortality",0.302017042457886,0.35731621211176,-15.4762554229074
"Drop BTS",1973,"Spawning biomass",1990.29973947348,1673.21701586229,18.9504840439236
"Drop BTS",1973,"Total biomass",7507.49917727694,6449.11292945095,16.4113461712337
"Drop BTS",1973,"Age-1 recruitment",30537.7878337829,26722.8321233808,14.2760157036806
"Drop BTS",1973,"Fishing mortality",0.344349335918205,0.412567557276101,-16.5350426020635
"Drop BTS",1974,"Spawning biomass",1589.00757540466,1272.09870520628,24.9122862008569
"Drop BTS",1974,"Total biomass",6585.32757097594,5419.58726463328,21.5097617110062
"Drop BTS",1974,"Age-1 recruitment",24591.0399461305,19195.0860066139,28.1111214487781
"Drop BTS",1974,"Fishing mortality",0.36411396203788,0.449469260420593,-18.9902415802232
"Drop BTS",1975,"Spawning biomass",1559.76906700937,1178.59504815136,32.3413898145841
"Drop BTS",1975,"Total biomass",6041.48509127525,4649.36877076781,29.9420499673022
"Drop BTS",1975,"Age-1 recruitment",23984.02735541,16293.5935924086,47.1991259594471
"Drop BTS",1975,"Fishing mortality",0.294950629745084,0.377375876663915,-21.8416841180968
"Drop BTS",1976,"Spawning biomass",1570.9716536724,1100.85764879417,42.7043410556465
"Drop BTS",1976,"Total biomass",5941.95399040945,4242.42020343655,40.0604774038223
"Drop BTS",1976,"Age-1 recruitment",19452.2851389314,12775.2436229366,52.2654730748684
"Drop BTS",1976,"Fishing mortality",0.24901020308827,0.349008992037287,-28.6522098944469
"Drop BTS",1977,"Spawning biomass",2033.91405471503,1280.50144563675,58.8373103088241
"Drop BTS",1977,"Total biomass",6120.77181915114,3968.48909184715,54.2343112829927
"Drop BTS",1977,"Age-1 recruitment",22460.9719038302,13803.4098959893,62.7204587350292
"Drop BTS",1977,"Fishing mortality",0.201452657398545,0.327920789013418,-38.5666709315273
"Drop BTS",1978,"Spawning biomass",2046.87910538604,1131.85715473736,80.8425291847886
"Drop BTS",1978,"Total biomass",6963.41953249692,4231.71064210295,64.5533005781426
"Drop BTS",1978,"Age-1 recruitment",35345.3230246273,26202.0373265028,34.8953235360683
"Drop BTS",1978,"Fishing mortality",0.195243112136519,0.368553446781385,-47.0244780393191
"Drop BTS",1979,"Spawning biomass",2158.54831812692,1037.73389324034,108.00595722925
"Drop BTS",1979,"Total biomass",8881.48684849826,5432.23558254995,63.4959808633555
"Drop BTS",1979,"Age-1 recruitment",74804.7394772211,62002.2870275712,20.6483551872157
"Drop BTS",1979,"Fishing mortality",0.177324705467894,0.385570089516404,-54.0097351196766
"Drop BTS",1980,"Spawning biomass",2699.76755680298,1229.15017123997,119.64505395459
"Drop BTS",1980,"Total biomass",9880.40703142711,6185.98352176406,59.7224919313965
"Drop BTS",1980,"Age-1 recruitment",23267.2175242132,29638.6117793068,-21.4969388665567
"Drop BTS",1980,"Fishing mortality",0.148172993091027,0.352420789067693,-57.9556604810378
"Drop BTS",1981,"Spawning biomass",3631.37938028294,1886.22852536653,92.5206480257897
"Drop BTS",1981,"Total biomass",11669.496062381,7700.39733508222,51.5440769428347
"Drop BTS",1981,"Age-1 recruitment",32335.8271043091,33816.761976614,-4.3792923560483
"Drop BTS",1981,"Fishing mortality",0.108337915874073,0.250255953097428,-56.7091553534809
"Drop BTS",1982,"Spawning biomass",4357.70136898776,2628.36368917204,65.7952203091226
"Drop BTS",1982,"Total biomass",13280.2208456272,9295.79148845914,42.8627230087382
"Drop BTS",1982,"Age-1 recruitment",15834.1205435417,18902.7721678056,-16.2338708683704
"Drop BTS",1982,"Fishing mortality",0.0811126974069667,0.159446740595048,-49.1286575666221
"Drop BTS",1983,"Spawning biomass",5130.13628501838,3535.68006995811,45.0961677389312
"Drop BTS",1983,"Total biomass",13762.8558424189,10646.6133320291,29.2698007639192
"Drop BTS",1983,"Age-1 recruitment",44725.0259951471,51934.6599808869,-13.8821241698571
"Drop BTS",1983,"Fishing mortality",0.0805570948033673,0.131614701425846,-38.7932397136086
"Drop BTS",1984,"Spawning biomass",4906.72397626276,3672.58896677704,33.6039513446768
"Drop BTS",1984,"Total biomass",12918.1705453794,10379.8275063368,24.4545782431641
"Drop BTS",1984,"Age-1 recruitment",12356.2545613283,14221.6338899005,-13.1164909954331
"Drop BTS",1984,"Fishing mortality",0.090131258194541,0.12867198970209,-29.9526972395323
"Drop BTS",1985,"Spawning biomass",5069.76370123292,4200.41090620621,20.6968511995389
"Drop BTS",1985,"Total biomass",14131.349796361,12234.2466393933,15.5064975628265
"Drop BTS",1985,"Age-1 recruitment",28759.6130186141,32617.3345130517,-11.827212591188
"Drop BTS",1985,"Fishing mortality",0.100020700870599,0.130055175569439,-23.0936405009147
"Drop BTS",1986,"Spawning biomass",4596.8320920629,4091.74899688871,12.3439413208936
"Drop BTS",1986,"Total biomass",12263.5396756969,11065.5774449182,10.8260254536363
"Drop BTS",1986,"Age-1 recruitment",10688.8162670404,12646.1607332945,-15.4777762795698
"Drop BTS",1986,"Fishing mortality",0.103454521047484,0.121710776525969,-14.9997033948671
"Drop BTS",1987,"Spawning biomass",4337.99705295673,4111.58679771117,5.50663931919433
"Drop BTS",1987,"Total biomass",10968.6173704943,10670.0961447187,2.79773698124917
"Drop BTS",1987,"Age-1 recruitment",6821.87475024647,7214.81141381756,-5.44624995767113
"Drop BTS",1987,"Fishing mortality",0.0842955096550521,0.0909723453785559,-7.33941253874463
"Drop BTS",1988,"Spawning biomass",3903.75227697776,3871.64228307285,0.829363653902226
"Drop BTS",1988,"Total biomass",9574.69233045754,9607.73523557,-0.343919813590687
"Drop BTS",1988,"Age-1 recruitment",5560.45070761288,5596.25815466982,-0.639846234167418
"Drop BTS",1988,"Fishing mortality",0.132470773785697,0.128338307116699,3.21997910198417
"Drop BTS",1989,"Spawning biomass",3248.86487023109,3349.55456712521,-3.00606229503935
"Drop BTS",1989,"Total biomass",7929.63050920075,8173.76806607309,-2.98684223602683
"Drop BTS",1989,"Age-1 recruitment",12075.1738041533,11775.7701793512,2.54253964065243
"Drop BTS",1989,"Fishing mortality",0.149872772834844,0.135690599541527,10.451846584241
"Drop BTS",1990,"Spawning biomass",2659.55802085912,2839.68088325935,-6.34306704891017
"Drop BTS",1990,"Total biomass",7519.73516731884,7819.87949830427,-3.83822194511463
"Drop BTS",1990,"Age-1 recruitment",49932.7234540794,50238.4612143097,-0.608573098857634
"Drop BTS",1990,"Fishing mortality",0.240834922568297,0.207259592519049,16.1996507091282
"Drop BTS",1991,"Spawning biomass",2080.86163440062,2289.95445613664,-9.13087250166433
"Drop BTS",1991,"Total biomass",8489.02813010873,8914.0116700812,-4.76759012329846
"Drop BTS",1991,"Age-1 recruitment",25549.0244798457,27208.1575383441,-6.09792506589297
"Drop BTS",1991,"Fishing mortality",0.286106746164815,0.24956530646386,14.6420350723895
"Drop BTS",1992,"Spawning biomass",1977.81314148408,2171.31808943673,-8.91186551127795
"Drop BTS",1992,"Total biomass",9287.58257709224,9819.18936083267,-5.41395795727223
"Drop BTS",1992,"Age-1 recruitment",20473.9357696371,23529.6406869378,-12.9866195491759
"Drop BTS",1992,"Fishing mortality",0.420988347725062,0.333982773105366,26.0509168813469
"Drop BTS",1993,"Spawning biomass",2646.3091941703,2842.22601791294,-6.89307685271666
"Drop BTS",1993,"Total biomass",9772.67658910696,10420.5282241301,-6.21707096884927
"Drop BTS",1993,"Age-1 recruitment",43491.6397018166,45924.0399978813,-5.29657298481776
"Drop BTS",1993,"Fishing mortality",0.281154344927402,0.215769779614214,30.3029300164706
"Drop BTS",1994,"Spawning biomass",3068.48921981271,3301.06599844736,-7.0455052623619
"Drop BTS",1994,"Total biomass",9889.50253612297,10617.3212163097,-6.85501234594537
"Drop BTS",1994,"Age-1 recruitment",15618.4515330212,15825.3944838432,-1.30766377440529
"Drop BTS",1994,"Fishing mortality",0.216307802450462,0.169158903336342,27.8725495284001
"Drop BTS",1995,"Spawning biomass",3248.41119815588,3528.76047629549,-7.94469559560248
"Drop BTS",1995,"Total biomass",8208.55247756823,8876.44823306461,-7.52435814370521
"Drop BTS",1995,"Age-1 recruitment",10435.625348392,11093.8944867838,-5.93361636146786
"Drop BTS",1995,"Fishing mortality",0.206919430498559,0.167274376863314,23.7006135540057
"Drop BTS",1996,"Spawning biomass",3178.53950083387,3465.37405971209,-8.27716009688312
"Drop BTS",1996,"Total biomass",8591.86067697932,9267.57981670779,-7.29121467624452
"Drop BTS",1996,"Age-1 recruitment",23615.6573170102,22577.0822279064,4.60012980694244
"Drop BTS",1996,"Fishing mortality",0.238697117192115,0.195631241872624,22.0138025538535
"Drop BTS",1997,"Spawning biomass",3086.89848961955,3369.36330805404,-8.38332921116849
"Drop BTS",1997,"Total biomass",8112.60622186553,8653.78803973821,-6.25369855822183
"Drop BTS",1997,"Age-1 recruitment",32540.5382038293,30233.4273288941,7.63099350211678
"Drop BTS",1997,"Fishing mortality",0.247328184876321,0.198902190182729,24.3466372336591
"Drop BTS",1998,"Spawning biomass",2635.66796501282,2863.8872897713,-7.96886544989377
"Drop BTS",1998,"Total biomass",8351.63884007628,8809.26617008891,-5.19484053696165
"Drop BTS",1998,"Age-1 recruitment",15225.6750519347,14873.8270410008,2.36555131348508
"Drop BTS",1998,"Fishing mortality",0.208155162099746,0.168190229515376,23.7617444839249
"Drop BTS",1999,"Spawning biomass",2816.57920905084,2984.6094776387,-5.62989127545073
"Drop BTS",1999,"Total biomass",8565.10487211623,8872.51731659727,-3.46477142294196
"Drop BTS",1999,"Age-1 recruitment",16001.9306284434,16128.8930711513,-0.787173937776486
"Drop BTS",1999,"Fishing mortality",0.171636105834972,0.135586594500635,26.5878138374282
"Drop BTS",2000,"Spawning biomass",2774.6920011272,2871.90977598312,-3.3851263597806
"Drop BTS",2000,"Total biomass",9043.9935395831,9192.54912839149,-1.616043457952
"Drop BTS",2000,"Age-1 recruitment",25237.1547380736,24679.3449497006,2.26022931123129
"Drop BTS",2000,"Fishing mortality",0.189205847295817,0.151879959686362,24.5759135612982
"Drop BTS",2001,"Spawning biomass",2860.28037257555,2910.94789506352,-1.74058500235934
"Drop BTS",2001,"Total biomass",8971.22167046195,9053.62005473203,-0.9101153325626
"Drop BTS",2001,"Age-1 recruitment",34781.6262910558,34465.7525920263,0.916485714873416
"Drop BTS",2001,"Fishing mortality",0.210672869153071,0.175961134972319,19.7269324196011
"Drop BTS",2002,"Spawning biomass",2685.77933455219,2706.02777994598,-0.748271896683528
"Drop BTS",2002,"Total biomass",9486.06033820952,9500.29772443274,-0.149862526798583
"Drop BTS",2002,"Age-1 recruitment",23555.2049567971,23035.2561782968,2.25718687248706
"Drop BTS",2002,"Fishing mortality",0.243141604273751,0.207717595355891,17.0539278856786
"Drop BTS",2003,"Spawning biomass",2739.35621697788,2732.28693118088,0.258731457385664
"Drop BTS",2003,"Total biomass",10846.998892028,10790.3141675465,0.525329694773058
"Drop BTS",2003,"Age-1 recruitment",14053.8077057641,14406.5322092461,-2.4483650774448
"Drop BTS",2003,"Fishing mortality",0.250560938626541,0.224255000659838,11.7303685042926
"Drop BTS",2004,"Spawning biomass",3057.23252017652,3023.38440275775,1.11954395835026
"Drop BTS",2004,"Total biomass",10057.600065851,9973.21330203125,0.846134152195299
"Drop BTS",2004,"Age-1 recruitment",6380.60606583261,6565.93471778996,-2.82257835209985
"Drop BTS",2004,"Fishing mortality",0.216141135411035,0.204095657507776,5.90187858494731
"Drop BTS",2005,"Spawning biomass",2700.96548831016,2661.3619223968,1.48809395595835
"Drop BTS",2005,"Total biomass",8307.22037609824,8227.1500252455,0.973245298882941
"Drop BTS",2005,"Age-1 recruitment",4589.09903888883,4652.69650088966,-1.36689470264537
"Drop BTS",2005,"Fishing mortality",0.200887167391366,0.194068672369972,3.51344446175996
"Drop BTS",2006,"Spawning biomass",2475.5697103704,2435.63506514968,1.63959887883527
"Drop BTS",2006,"Total biomass",7024.16252946189,6946.30855534712,1.1207963696753
"Drop BTS",2006,"Age-1 recruitment",11594.8201273714,11590.6402533457,0.0360624946882826
"Drop BTS",2006,"Fishing mortality",0.249020302817526,0.238713403704113,4.31768763441038
"Drop BTS",2007,"Spawning biomass",2030.32973227073,2002.93563228645,1.36769747078769
"Drop BTS",2007,"Total biomass",6390.01699870262,6365.89400279103,0.378941212357797
"Drop BTS",2007,"Age-1 recruitment",22876.8939157332,25035.983331307,-8.62394493158909
"Drop BTS",2007,"Fishing mortality",0.269342500724127,0.256183379014462,5.13660244481442
"Drop BTS",2008,"Spawning biomass",1549.98169432798,1538.23472429027,0.763665639074418
"Drop BTS",2008,"Total biomass",4971.8961367332,5044.79081929389,-1.44494955632063
"Drop BTS",2008,"Age-1 recruitment",10730.95578997,13590.3957828699,-21.0401524619618
"Drop BTS",2008,"Fishing mortality",0.291107783130541,0.2789920643156,4.34267506664112
"Drop BTS",2009,"Spawning biomass",1604.18681902869,1628.90827273024,-1.51767009324092
"Drop BTS",2009,"Total biomass",5704.83385810769,6012.93884387576,-5.12403325175803
"Drop BTS",2009,"Age-1 recruitment",41232.1304070735,49682.9213588427,-17.0094485602648
"Drop BTS",2009,"Fishing mortality",0.283068876071388,0.266409996887844,6.25309837399133
"Drop BTS",2010,"Spawning biomass",1575.7305840798,1664.93799542578,-5.35800201515393
"Drop BTS",2010,"Total biomass",7182.35987721248,7935.21823147814,-9.48755701864827
"Drop BTS",2010,"Age-1 recruitment",21099.9514484083,23227.7040980248,-9.1604087973439
"Drop BTS",2010,"Fishing mortality",0.244752918365934,0.221669345497034,10.4135160489338
"Drop BTS",2011,"Spawning biomass",1809.02702650227,2039.86702620026,-11.3164239008255
"Drop BTS",2011,"Total biomass",7666.15029091477,8760.49640005788,-12.4918276221867
"Drop BTS",2011,"Age-1 recruitment",13131.9126462144,14247.5377750981,-7.83030125270895
"Drop BTS",2011,"Fishing mortality",0.34427308522316,0.300434628905846,14.5916788876733
"Drop BTS",2012,"Spawning biomass",2089.94301786557,2487.19602356972,-15.9719218726475
"Drop BTS",2012,"Total biomass",7587.99456855596,8893.26102757374,-14.6770285384717
"Drop BTS",2012,"Age-1 recruitment",10827.6776430376,12316.5729922859,-12.0885521498619
"Drop BTS",2012,"Fishing mortality",0.367590196066445,0.298362025142273,23.2027420014864
"Drop BTS",2013,"Spawning biomass",2319.85789469583,2837.55545799887,-18.2444914633715
"Drop BTS",2013,"Total biomass",8190.63545947154,9680.94888472081,-15.3942908179321
"Drop BTS",2013,"Age-1 recruitment",39889.7668942186,43505.6516116215,-8.31129883924571
"Drop BTS",2013,"Fishing mortality",0.381673487219713,0.281713076861739,35.4830565451645
"Drop BTS",2014,"Spawning biomass",2232.51153352907,2795.38839259423,-20.1359088617659
"Drop BTS",2014,"Total biomass",8914.57590620371,10539.1937966037,-15.4150110696658
"Drop BTS",2014,"Age-1 recruitment",44722.5848609699,49731.1169614748,-10.0712238262914
"Drop BTS",2014,"Fishing mortality",0.405948401123091,0.265127419213925,53.1144542977435
"Drop BTS",2015,"Spawning biomass",2081.44238502669,2610.55153046946,-20.2680981113448
"Drop BTS",2015,"Total biomass",9901.14250019069,11632.2114500095,-14.8816839967035
"Drop BTS",2015,"Age-1 recruitment",18174.1409298885,21297.8038744331,-14.666596438586
"Drop BTS",2015,"Fishing mortality",0.478669554035005,0.286944058461393,66.8163322849942
"Drop BTS",2016,"Spawning biomass",2340.66419479907,2871.70659755628,-18.4922235164661
"Drop BTS",2016,"Total biomass",10831.8222495434,12664.7062926195,-14.4723770194673
"Drop BTS",2016,"Age-1 recruitment",5664.17588476303,8092.22275601511,-30.0046964160405
"Drop BTS",2016,"Fishing mortality",0.362483686380765,0.213191466487969,70.0272962854358
"Drop BTS",2017,"Spawning biomass",2735.23083270896,3320.9366465953,-17.6367656542568
"Drop BTS",2017,"Total biomass",9851.57284567516,11686.1738327255,-15.6989020813019
"Drop BTS",2017,"Age-1 recruitment",5271.61491261104,8160.70302541484,-35.4024414784649
"Drop BTS",2017,"Fishing mortality",0.358704412606331,0.20767406014357,72.7247073410856
"Drop BTS",2018,"Spawning biomass",2564.11450001365,3167.79231786894,-19.0567359624574
"Drop BTS",2018,"Total biomass",8314.02347726287,10136.9683852203,-17.9831369565608
"Drop BTS",2018,"Age-1 recruitment",12715.5530267547,17119.7476651656,-25.7258151495558
"Drop BTS",2018,"Fishing mortality",0.29315820026166,0.171569104516092,70.8688758902761
"Drop BTS",2019,"Spawning biomass",2377.36996103649,3079.58896927978,-22.8023614595395
"Drop BTS",2019,"Total biomass",9111.04748695885,10873.726093137,-16.2104378120275
"Drop BTS",2019,"Age-1 recruitment",93322.6644912528,83858.3737996244,11.2860412893802
"Drop BTS",2019,"Fishing mortality",0.327331114692592,0.189794012626887,72.4665125954669
"Drop BTS",2020,"Spawning biomass",1702.91903584419,2379.85303553224,-28.4443614618688
"Drop BTS",2020,"Total biomass",9991.80995892441,11518.7094687622,-13.255821009972
"Drop BTS",2020,"Age-1 recruitment",17343.3402292215,20857.3632753926,-16.8478776524784
"Drop BTS",2020,"Fishing mortality",0.484305304366584,0.24745861835736,95.7116335577319
"Drop BTS",2021,"Spawning biomass",2075.14215902416,2595.19696984535,-20.0391267739566
"Drop BTS",2021,"Total biomass",9974.51981102201,11218.2978629911,-11.0870478494986
"Drop BTS",2021,"Age-1 recruitment",7686.01081890379,10885.2510193458,-29.3905964571342
"Drop BTS",2021,"Fishing mortality",0.529008713619186,0.235206976313168,124.91199959768
"Drop BTS",2022,"Spawning biomass",3183.00344679062,3576.43283969098,-11.0006090016318
"Drop BTS",2022,"Total biomass",11181.5206372343,12236.4814815517,-8.62143947104314
"Drop BTS",2022,"Age-1 recruitment",6351.80182157316,10579.8808349915,-39.963389752317
"Drop BTS",2022,"Fishing mortality",0.431267982890544,0.16825473046608,156.318489052816
"Drop BTS",2023,"Spawning biomass",3156.30223227202,3494.63922974156,-9.68160016605107
"Drop BTS",2023,"Total biomass",9700.01415476712,10905.6116168498,-11.0548358445115
"Drop BTS",2023,"Age-1 recruitment",9266.63117398548,14459.1453578969,-35.9116258629733
"Drop BTS",2023,"Fishing mortality",0.44983194231519,0.1682382378576,167.377944540726
"Drop BTS",2024,"Spawning biomass",3120.51227030358,3536.73600119035,-11.7685835399274
"Drop BTS",2024,"Total biomass",8198.16227903133,9646.63616451432,-15.0153261798271
"Drop BTS",2024,"Age-1 recruitment",15057.956687647,15767.7116818254,-4.5013189516683
"Drop BTS",2024,"Fishing mortality",0.340118977572375,0.172748219862802,96.8871099467776
"Drop ATS",1964,"Spawning biomass",1334.05517516268,1313.94686080523,1.53037500657507
"Drop ATS",1964,"Total biomass",4780.86914641573,4713.49701846241,1.4293448725951
"Drop ATS",1964,"Age-1 recruitment",5687.6532910724,5634.81581209706,0.937696647721964
"Drop ATS",1964,"Fishing mortality",0.0534868356560809,0.054301048946838,-1.49944302467194
"Drop ATS",1965,"Spawning biomass",1361.99520121734,1342.63619984016,1.44186499511081
"Drop ATS",1965,"Total biomass",5154.04861682414,5088.55848446366,1.28700755941853
"Drop ATS",1965,"Age-1 recruitment",23394.7857977095,23293.2216034542,0.436024676982427
"Drop ATS",1965,"Fishing mortality",0.0658655259975708,0.0667944622866778,-1.39073847936685
"Drop ATS",1966,"Spawning biomass",1384.05515958518,1365.24540512601,1.37775629117964
"Drop ATS",1966,"Total biomass",5373.03456798773,5309.8677342692,1.18961218771705
"Drop ATS",1966,"Age-1 recruitment",15821.0500070389,15752.5897696778,0.434596713061519
"Drop ATS",1966,"Fishing mortality",0.0696882736591736,0.0706134206495381,-1.31015744861883
"Drop ATS",1967,"Spawning biomass",1493.78052822763,1475.25257258648,1.2559175279842
"Drop ATS",1967,"Total biomass",6111.12564275779,6049.68034886205,1.01567835575485
"Drop ATS",1967,"Age-1 recruitment",27157.9823724373,27115.19110399,0.15781289640624
"Drop ATS",1967,"Fishing mortality",0.131850399619491,0.13357737168546,-1.2928627387843
"Drop ATS",1968,"Spawning biomass",1658.95552729028,1640.42142114754,1.1298380954923
"Drop ATS",1968,"Total biomass",6755.14106386643,6695.04832786394,0.897569861480907
"Drop ATS",1968,"Age-1 recruitment",22409.2630271034,22388.2941849798,0.0936598471964256
"Drop ATS",1968,"Fishing mortality",0.140459562758383,0.142131343329709,-1.17622231111154
"Drop ATS",1969,"Spawning biomass",1880.34268658994,1862.07073142731,0.981270735543771
"Drop ATS",1969,"Total biomass",7339.73201310837,7283.32628444145,0.774450113369474
"Drop ATS",1969,"Age-1 recruitment",26260.6145696416,26267.8011526196,-0.0273589058187973
"Drop ATS",1969,"Fishing mortality",0.149906290789773,0.151655825033808,-1.15362152666763
"Drop ATS",1970,"Spawning biomass",1991.45725457183,1974.73235056632,0.846945359491857
"Drop ATS",1970,"Total biomass",8041.21834753147,7988.62698478385,0.658327931042391
"Drop ATS",1970,"Age-1 recruitment",23315.5099208502,23326.6099669886,-0.0475853377498781
"Drop ATS",1970,"Fishing mortality",0.217197747415525,0.219766732412337,-1.16895990972445
"Drop ATS",1971,"Spawning biomass",2102.77717491468,2087.34087649917,0.73951976839568
"Drop ATS",1971,"Total biomass",7968.27145418215,7920.32814507344,0.605319732093812
"Drop ATS",1971,"Age-1 recruitment",13603.8784681378,13590.5057326603,0.098397629496505
"Drop ATS",1971,"Fishing mortality",0.309882507042125,0.313578619769085,-1.1786877337751
"Drop ATS",1972,"Spawning biomass",1964.79312824277,1951.62703070648,0.674621601829517
"Drop ATS",1972,"Total biomass",7231.85077833529,7190.2261821449,0.578905240752481
"Drop ATS",1972,"Age-1 recruitment",10871.8646079402,10858.3442555022,0.124515783620982
"Drop ATS",1972,"Fishing mortality",0.353322008465499,0.35731621211176,-1.11783443092445
"Drop ATS",1973,"Spawning biomass",1684.59526599016,1673.21701586229,0.680022377253464
"Drop ATS",1973,"Total biomass",6483.19576404182,6449.11292945095,0.528488723390486
"Drop ATS",1973,"Age-1 recruitment",26681.2025391739,26722.8321233808,-0.155782830258244
"Drop ATS",1973,"Fishing mortality",0.407897731753635,0.412567557276101,-1.13189353842984
"Drop ATS",1974,"Spawning biomass",1282.04478074094,1272.09870520628,0.781863505870883
"Drop ATS",1974,"Total biomass",5447.55530206502,5419.58726463328,0.516054748564421
"Drop ATS",1974,"Age-1 recruitment",19177.755082692,19195.0860066139,-0.0902883368997021
"Drop ATS",1974,"Fishing mortality",0.444472392697218,0.449469260420593,-1.11172624323613
"Drop ATS",1975,"Spawning biomass",1187.54380170158,1178.59504815136,0.759272963538993
"Drop ATS",1975,"Total biomass",4671.66276813396,4649.36877076781,0.479505895645915
"Drop ATS",1975,"Age-1 recruitment",16283.3234349675,16293.5935924086,-0.0630318743551905
"Drop ATS",1975,"Fishing mortality",0.373776117705139,0.377375876663915,-0.953892175249382
"Drop ATS",1976,"Spawning biomass",1107.62149921478,1100.85764879417,0.614416444125854
"Drop ATS",1976,"Total biomass",4259.60010826434,4242.42020343655,0.404955285048625
"Drop ATS",1976,"Age-1 recruitment",12774.2696185515,12775.2436229366,-0.00762415507603587
"Drop ATS",1976,"Fishing mortality",0.346090568695477,0.349008992037287,-0.836202908347672
"Drop ATS",1977,"Spawning biomass",1286.28573045688,1280.50144563675,0.451720288160717
"Drop ATS",1977,"Total biomass",3981.90317504692,3968.48909184715,0.338014868865955
"Drop ATS",1977,"Age-1 recruitment",13804.8184853627,13803.4098959893,0.0102046478662743
"Drop ATS",1977,"Fishing mortality",0.325525436949884,0.327920789013418,-0.730466668716168
"Drop ATS",1978,"Spawning biomass",1136.23129620247,1131.85715473736,0.386457023026088
"Drop ATS",1978,"Total biomass",4242.20768937506,4231.71064210295,0.248056829965293
"Drop ATS",1978,"Age-1 recruitment",26204.0867121335,26202.0373265028,0.00782147435769431
"Drop ATS",1978,"Fishing mortality",0.366176964779914,0.368553446781385,-0.644813397412325
"Drop ATS",1979,"Spawning biomass",1041.16147906536,1037.73389324034,0.330295256553415
"Drop ATS",1979,"Total biomass",5440.34866046117,5432.23558254995,0.149350627157574
"Drop ATS",1979,"Age-1 recruitment",61988.4591513144,62002.2870275712,-0.0223022035473086
"Drop ATS",1979,"Fishing mortality",0.383472625830163,0.385570089516404,-0.543990248017223
"Drop ATS",1980,"Spawning biomass",1232.09745854029,1229.15017123997,0.239782523671539
"Drop ATS",1980,"Total biomass",6192.05741565274,6185.98352176406,0.0981880062775886
"Drop ATS",1980,"Age-1 recruitment",29624.9459033081,29638.6117793068,-0.0461083538611518
"Drop ATS",1980,"Fishing mortality",0.350976832953519,0.352420789067693,-0.40972501026233
"Drop ATS",1981,"Spawning biomass",1888.58111940478,1886.22852536653,0.124724761958062
"Drop ATS",1981,"Total biomass",7704.52936106962,7700.39733508222,0.0536599062047838
"Drop ATS",1981,"Age-1 recruitment",33796.2076381872,33816.761976614,-0.0607815095986619
"Drop ATS",1981,"Fishing mortality",0.249580011769639,0.250255953097428,-0.270099999389672
"Drop ATS",1982,"Spawning biomass",2629.94479906532,2628.36368917204,0.0601556740339904
"Drop ATS",1982,"Total biomass",9298.19869806312,9295.79148845914,0.0258956927655873
"Drop ATS",1982,"Age-1 recruitment",18893.1038896505,18902.7721678056,-0.0511474087991348
"Drop ATS",1982,"Fishing mortality",0.159185079234836,0.159446740595048,-0.164105806889525
"Drop ATS",1983,"Spawning biomass",3536.38832012981,3535.68006995811,0.0200315118362049
"Drop ATS",1983,"Total biomass",10646.7453960681,10646.6133320291,0.00124043237816895
"Drop ATS",1983,"Age-1 recruitment",51916.2716425159,51934.6599808869,-0.0354066790419938
"Drop ATS",1983,"Fishing mortality",0.131492967908464,0.131614701425846,-0.0924923401890099
"Drop ATS",1984,"Spawning biomass",3672.50787375392,3672.58896677704,-0.0022080615023401
"Drop ATS",1984,"Total biomass",10379.0477114431,10379.8275063368,-0.00751259973451601
"Drop ATS",1984,"Age-1 recruitment",14219.6974380755,14221.6338899005,-0.0136162401592865
"Drop ATS",1984,"Fishing mortality",0.128628845951632,0.12867198970209,-0.0335300251113058
"Drop ATS",1985,"Spawning biomass",4199.5500972865,4200.41090620621,-0.020493445496883
"Drop ATS",1985,"Total biomass",12232.2237978269,12234.2466393933,-0.0165342552434611
"Drop ATS",1985,"Age-1 recruitment",32627.4463020916,32617.3345130517,0.0310012733746312
"Drop ATS",1985,"Fishing mortality",0.130052300144389,0.130055175569439,-0.00221092704481007
"Drop ATS",1986,"Spawning biomass",4090.54250205482,4091.74899688871,-0.0294860421497956
"Drop ATS",1986,"Total biomass",11063.199831697,11065.5774449182,-0.0214865716053225
"Drop ATS",1986,"Age-1 recruitment",12646.6624013239,12646.1607332945,0.00396695914217648
"Drop ATS",1986,"Fishing mortality",0.12173234957417,0.121710776525969,0.0177248464074742
"Drop ATS",1987,"Spawning biomass",4110.37445600643,4111.58679771117,-0.0294859810673453
"Drop ATS",1987,"Total biomass",10667.7947356996,10670.0961447187,-0.0215687749000382
"Drop ATS",1987,"Age-1 recruitment",7201.70015472169,7214.81141381756,-0.181726982783814
"Drop ATS",1987,"Fishing mortality",0.0909996441789563,0.0909723453785559,0.0300078010375238
"Drop ATS",1988,"Spawning biomass",3870.66480589676,3871.64228307285,-0.0252470942462169
"Drop ATS",1988,"Total biomass",9605.24469756912,9607.73523557,-0.0259222172532159
"Drop ATS",1988,"Age-1 recruitment",5590.85229887658,5596.25815466982,-0.0965976844497951
"Drop ATS",1988,"Fishing mortality",0.128398485775546,0.128338307116699,0.0468906441105865
"Drop ATS",1989,"Spawning biomass",3348.61949292925,3349.55456712521,-0.0279163744678512
"Drop ATS",1989,"Total biomass",8170.51524727073,8173.76806607309,-0.0397958294885425
"Drop ATS",1989,"Age-1 recruitment",11749.7529641005,11775.7701793512,-0.220938544608174
"Drop ATS",1989,"Fishing mortality",0.135777959010842,0.135690599541527,0.0643813717462693
"Drop ATS",1990,"Spawning biomass",2838.55478664936,2839.68088325935,-0.0396557450037305
"Drop ATS",1990,"Total biomass",7816.12360906066,7819.87949830427,-0.0480300143298473
"Drop ATS",1990,"Age-1 recruitment",50286.0709913198,50238.4612143097,0.0947675861468378
"Drop ATS",1990,"Fishing mortality",0.207495175781237,0.207259592519049,0.113665794342843
"Drop ATS",1991,"Spawning biomass",2288.38732309026,2289.95445613664,-0.0684351185316734
"Drop ATS",1991,"Total biomass",8913.98566348139,8914.0116700812,-0.000291749672010067
"Drop ATS",1991,"Age-1 recruitment",27287.5792741635,27208.1575383441,0.291904130985521
"Drop ATS",1991,"Fishing mortality",0.249961161044579,0.24956530646386,0.158617632525915
"Drop ATS",1992,"Spawning biomass",2170.03798728241,2171.31808943673,-0.0589550725228039
"Drop ATS",1992,"Total biomass",9823.85435872165,9819.18936083267,0.0475089920109806
"Drop ATS",1992,"Age-1 recruitment",23619.4461536285,23529.6406869378,0.38166952009846
"Drop ATS",1992,"Fishing mortality",0.334828966144416,0.333982773105366,0.253364277199974
"Drop ATS",1993,"Spawning biomass",2842.62932653862,2842.22601791294,0.0141898857842992
"Drop ATS",1993,"Total biomass",10423.1131775503,10420.5282241301,0.0248063568813794
"Drop ATS",1993,"Age-1 recruitment",45365.8121730867,45924.0399978813,-1.21554598598115
"Drop ATS",1993,"Fishing mortality",0.216462509942793,0.215769779614214,0.321050672534895
"Drop ATS",1994,"Spawning biomass",3304.27546417727,3301.06599844736,0.0972251306522232
"Drop ATS",1994,"Total biomass",10614.1190342427,10617.3212163097,-0.0301599810508701
"Drop ATS",1994,"Age-1 recruitment",16167.6924271526,15825.3944838432,2.16296626070789
"Drop ATS",1994,"Fishing mortality",0.169793834938516,0.169158903336342,0.375346251158737
"Drop ATS",1995,"Spawning biomass",3528.19760856476,3528.76047629549,-0.0159508624774762
"Drop ATS",1995,"Total biomass",8879.323726538,8876.44823306461,0.0323946402648101
"Drop ATS",1995,"Age-1 recruitment",11312.5631476377,11093.8944867838,1.9710721164184
"Drop ATS",1995,"Fishing mortality",0.167827940224694,0.167274376863314,0.330931354676589
"Drop ATS",1996,"Spawning biomass",3462.80841528662,3465.37405971209,-0.0740365796380149
"Drop ATS",1996,"Total biomass",9263.04467899324,9267.57981670779,-0.0489355128765578
"Drop ATS",1996,"Age-1 recruitment",22279.811958341,22577.0822279064,-1.31669037905139
"Drop ATS",1996,"Fishing mortality",0.19626743726846,0.195631241872624,0.325201327633984
"Drop ATS",1997,"Spawning biomass",3370.07192027306,3369.36330805404,0.021031042195041
"Drop ATS",1997,"Total biomass",8646.85424760344,8653.78803973821,-0.0801243582917555
"Drop ATS",1997,"Age-1 recruitment",29616.3338030499,30233.4273288941,-2.0410968268042
"Drop ATS",1997,"Fishing mortality",0.199863248326594,0.198902190182729,0.483181277683364
"Drop ATS",1998,"Spawning biomass",2864.16855835098,2863.8872897713,0.00982121680130899
"Drop ATS",1998,"Total biomass",8788.17012241966,8809.26617008891,-0.239475652817489
"Drop ATS",1998,"Age-1 recruitment",14889.8070140991,14873.8270410008,0.10743686244481
"Drop ATS",1998,"Fishing mortality",0.168937012592628,0.168190229515376,0.444010974599607
"Drop ATS",1999,"Spawning biomass",2974.20333780871,2984.6094776387,-0.348660014248281
"Drop ATS",1999,"Total biomass",8827.73063517725,8872.51731659727,-0.504779870491068
"Drop ATS",1999,"Age-1 recruitment",16172.7837526079,16128.8930711513,0.272124573353993
"Drop ATS",1999,"Fishing mortality",0.136229365402196,0.135586594500635,0.474066705435838
"Drop ATS",2000,"Spawning biomass",2852.75091696664,2871.90977598312,-0.667112148741744
"Drop ATS",2000,"Total biomass",9127.39767812968,9192.54912839149,-0.70874193166488
"Drop ATS",2000,"Age-1 recruitment",24324.3967752668,24679.3449497006,-1.43823985262669
"Drop ATS",2000,"Fishing mortality",0.152535932148468,0.151879959686362,0.431901920082112
"Drop ATS",2001,"Spawning biomass",2887.80174562371,2910.94789506352,-0.795141317337378
"Drop ATS",2001,"Total biomass",8982.33763663248,9053.62005473203,-0.787336089526858
"Drop ATS",2001,"Age-1 recruitment",34249.4281274433,34465.7525920263,-0.627650488714437
"Drop ATS",2001,"Fishing mortality",0.177016183016468,0.175961134972319,0.599591520203968
"Drop ATS",2002,"Spawning biomass",2682.56684845484,2706.02777994598,-0.86698782861736
"Drop ATS",2002,"Total biomass",9425.30211419512,9500.29772443274,-0.789402736766254
"Drop ATS",2002,"Age-1 recruitment",23239.9451811559,23035.2561782968,0.888590086755636
"Drop ATS",2002,"Fishing mortality",0.208905068382986,0.207717595355891,0.571676667573762
"Drop ATS",2003,"Spawning biomass",2706.93204501594,2732.28693118088,-0.927973042493735
"Drop ATS",2003,"Total biomass",10725.597782777,10790.3141675465,-0.599763674761422
"Drop ATS",2003,"Age-1 recruitment",14717.4354697055,14406.5322092461,2.15807146330391
"Drop ATS",2003,"Fishing mortality",0.225374128098411,0.224255000659838,0.499042355924861
"Drop ATS",2004,"Spawning biomass",2999.12688233674,3023.38440275775,-0.80233001132376
"Drop ATS",2004,"Total biomass",9933.70416315034,9973.21330203125,-0.396152550681628
"Drop ATS",2004,"Age-1 recruitment",6730.37542535436,6565.93471778996,2.50445236866053
"Drop ATS",2004,"Fishing mortality",0.204609747367691,0.204095657507776,0.251886721252603
"Drop ATS",2005,"Spawning biomass",2649.53100022018,2661.3619223968,-0.444543903519945
"Drop ATS",2005,"Total biomass",8222.66131255361,8227.1500252455,-0.0545597525037023
"Drop ATS",2005,"Age-1 recruitment",4803.57008889534,4652.69650088966,3.24271286504145
"Drop ATS",2005,"Fishing mortality",0.193778407068564,0.194068672369972,-0.149568344989881
"Drop ATS",2006,"Spawning biomass",2438.46230887725,2435.63506514968,0.116078297936406
"Drop ATS",2006,"Total biomass",6974.41819188867,6946.30855534712,0.404670139795638
"Drop ATS",2006,"Age-1 recruitment",11739.1186557847,11590.6402533457,1.28101985044491
"Drop ATS",2006,"Fishing mortality",0.238621020133419,0.238713403704113,-0.0387006214400576
"Drop ATS",2007,"Spawning biomass",2016.17778124037,2002.93563228645,0.661137020105085
"Drop ATS",2007,"Total biomass",6418.78396879635,6365.89400279103,0.830833280952037
"Drop ATS",2007,"Age-1 recruitment",24886.518106717,25035.983331307,-0.597001614085213
"Drop ATS",2007,"Fishing mortality",0.255991948831215,0.256183379014462,-0.0747238887951918
"Drop ATS",2008,"Spawning biomass",1555.97249568194,1538.23472429027,1.15312514478967
"Drop ATS",2008,"Total biomass",5095.64096419624,5044.79081929389,1.00797330798883
"Drop ATS",2008,"Age-1 recruitment",13748.2146197807,13590.3957828699,1.1612526922121
"Drop ATS",2008,"Fishing mortality",0.278082429934572,0.2789920643156,-0.326043102071694
"Drop ATS",2009,"Spawning biomass",1648.62735716036,1628.90827273024,1.21057058646208
"Drop ATS",2009,"Total biomass",6060.647337666,6012.93884387576,0.793430550833363
"Drop ATS",2009,"Age-1 recruitment",49657.8959481679,49682.9213588427,-0.0503702479451196
"Drop ATS",2009,"Fishing mortality",0.265035657340426,0.266409996887844,-0.515873864897143
"Drop ATS",2010,"Spawning biomass",1680.64221917651,1664.93799542578,0.943231747601048
"Drop ATS",2010,"Total biomass",7976.9045399528,7935.21823147814,0.525332854858251
"Drop ATS",2010,"Age-1 recruitment",23225.1107681598,23227.7040980248,-0.0111648135951548
"Drop ATS",2010,"Fishing mortality",0.219765081269689,0.221669345497034,-0.859056187076479
"Drop ATS",2011,"Spawning biomass",2053.85578253342,2039.86702620026,0.685768050244784
"Drop ATS",2011,"Total biomass",8793.36811259068,8760.49640005788,0.37522659712057
"Drop ATS",2011,"Age-1 recruitment",14170.7622931023,14247.5377750981,-0.538868422092931
"Drop ATS",2011,"Fishing mortality",0.297615445346398,0.300434628905846,-0.93836837974185
"Drop ATS",2012,"Spawning biomass",2498.84611715638,2487.19602356972,0.468402710371785
"Drop ATS",2012,"Total biomass",8918.0560319612,8893.26102757374,0.27880666395137
"Drop ATS",2012,"Age-1 recruitment",12345.9037334634,12316.5729922859,0.238140440493173
"Drop ATS",2012,"Fishing mortality",0.295973591025601,0.298362025142273,-0.800515452840767
"Drop ATS",2013,"Spawning biomass",2845.02233253379,2837.55545799887,0.263144620270883
"Drop ATS",2013,"Total biomass",9686.84591607229,9680.94888472081,0.060913774276683
"Drop ATS",2013,"Age-1 recruitment",42797.5080120862,43505.6516116215,-1.62770484592886
"Drop ATS",2013,"Fishing mortality",0.279366146255119,0.281713076861739,-0.833092532574298
"Drop ATS",2014,"Spawning biomass",2798.19876655826,2795.38839259423,0.100536081908342
"Drop ATS",2014,"Total biomass",10509.6129319351,10539.1937966037,-0.280674833763406
"Drop ATS",2014,"Age-1 recruitment",49574.7524399367,49731.1169614748,-0.314419886565687
"Drop ATS",2014,"Fishing mortality",0.263386098888919,0.265127419213925,-0.656786208747651
"Drop ATS",2015,"Spawning biomass",2602.41798133041,2610.55153046946,-0.31156439718274
"Drop ATS",2015,"Total biomass",11578.6979640958,11632.2114500095,-0.460045676985821
"Drop ATS",2015,"Age-1 recruitment",21991.4312915883,21297.8038744331,3.25680253816107
"Drop ATS",2015,"Fishing mortality",0.284839522656433,0.286944058461393,-0.733430695949666
"Drop ATS",2016,"Spawning biomass",2854.37058359206,2871.70659755628,-0.603683328198246
"Drop ATS",2016,"Total biomass",12610.2185071514,12664.7062926195,-0.430233313028794
"Drop ATS",2016,"Age-1 recruitment",8308.0786266464,8092.22275601511,2.66744845192057
"Drop ATS",2016,"Fishing mortality",0.211971967218686,0.213191466487969,-0.572020676705653
"Drop ATS",2017,"Spawning biomass",3308.27843181908,3320.9366465953,-0.381163994477263
"Drop ATS",2017,"Total biomass",11674.6365335521,11686.1738327255,-0.0987260615710861
"Drop ATS",2017,"Age-1 recruitment",8299.58686361935,8160.70302541484,1.7018611971541
"Drop ATS",2017,"Fishing mortality",0.206340215402325,0.20767406014357,-0.642277971703864
"Drop ATS",2018,"Spawning biomass",3170.65424712992,3167.79231786894,0.0903445988184259
"Drop ATS",2018,"Total biomass",10165.2762166689,10136.9683852203,0.279253425411241
"Drop ATS",2018,"Age-1 recruitment",17086.6087040522,17119.7476651656,-0.193571551178495
"Drop ATS",2018,"Fishing mortality",0.171406449163799,0.171569104516092,-0.0948045702937939
"Drop ATS",2019,"Spawning biomass",3096.8871589184,3079.58896927978,0.561704494047133
"Drop ATS",2019,"Total biomass",10938.2990617261,10873.726093137,0.593843987203124
"Drop ATS",2019,"Age-1 recruitment",84275.5355027306,83858.3737996244,0.497459805389178
"Drop ATS",2019,"Fishing mortality",0.190537967957444,0.189794012626887,0.391980400361303
"Drop ATS",2020,"Spawning biomass",2398.44092575993,2379.85303553224,0.78105202086729
"Drop ATS",2020,"Total biomass",11680.3036352859,11518.7094687622,1.40288429847042
"Drop ATS",2020,"Age-1 recruitment",24866.7101377155,20857.3632753926,19.2226927698631
"Drop ATS",2020,"Fishing mortality",0.249442078374391,0.24745861835736,0.801532001672434
"Drop ATS",2021,"Spawning biomass",2614.30591812737,2595.19696984535,0.736319767017957
"Drop ATS",2021,"Total biomass",11584.0034466483,11218.2978629911,3.25990259951645
"Drop ATS",2021,"Age-1 recruitment",16873.708395878,10885.2510193458,55.0144169012665
"Drop ATS",2021,"Fishing mortality",0.236079253427704,0.235206976313168,0.37085512011994
"Drop ATS",2022,"Spawning biomass",3650.46561827119,3576.43283969098,2.0700173021176
"Drop ATS",2022,"Total biomass",12948.1041118795,12236.4814815517,5.81558212955864
"Drop ATS",2022,"Age-1 recruitment",15640.8657418247,10579.8808349915,47.8359348821269
"Drop ATS",2022,"Fishing mortality",0.165221832218838,0.16825473046608,-1.80256343393165
"Drop ATS",2023,"Spawning biomass",3686.89387332939,3494.63922974156,5.50141605323993
"Drop ATS",2023,"Total biomass",12106.0666741256,10905.6116168498,11.0076820947937
"Drop ATS",2023,"Age-1 recruitment",24638.8165667999,14459.1453578969,70.4029937934287
"Drop ATS",2023,"Fishing mortality",0.159604746795632,0.1682382378576,-5.13170559315757
"Drop ATS",2024,"Spawning biomass",3939.64852350495,3536.73600119035,11.3922136732566
"Drop ATS",2024,"Total biomass",11484.3740617754,9646.63616451432,19.0505567528426
"Drop ATS",2024,"Age-1 recruitment",21204.0706289211,15767.7116818254,34.4777926993799
"Drop ATS",2024,"Fishing mortality",0.153041157104271,0.172748219862802,-11.4079686460339
"Drop AVO",1964,"Spawning biomass",1318.68537650546,1313.94686080523,0.360632217448864
"Drop AVO",1964,"Total biomass",4729.3687586394,4713.49701846241,0.336729611047093
"Drop AVO",1964,"Age-1 recruitment",5647.26276075567,5634.81581209706,0.220893620549023
"Drop AVO",1964,"Fishing mortality",0.0541070354229181,0.054301048946838,-0.357292405363729
"Drop AVO",1965,"Spawning biomass",1347.19377692017,1342.63619984016,0.339449888253807
"Drop AVO",1965,"Total biomass",5103.97327231664,5088.55848446366,0.302930346581443
"Drop AVO",1965,"Age-1 recruitment",23316.9577695913,23293.2216034542,0.10190160271164
"Drop AVO",1965,"Fishing mortality",0.0665736129534221,0.0667944622866778,-0.330640184373121
"Drop AVO",1966,"Spawning biomass",1369.6703739782,1365.24540512601,0.324115271552627
"Drop AVO",1966,"Total biomass",5324.72633608428,5309.8677342692,0.279829979929302
"Drop AVO",1966,"Age-1 recruitment",15768.6637401327,15752.5897696778,0.102040176821117
"Drop AVO",1966,"Fishing mortality",0.0703938048714325,0.0706134206495381,-0.311011385775439
"Drop AVO",1967,"Spawning biomass",1479.60821000038,1475.25257258648,0.295246894995427
"Drop AVO",1967,"Total biomass",6064.12049723445,6049.68034886205,0.238692749694214
"Drop AVO",1967,"Age-1 recruitment",27125.0570080747,27115.19110399,0.0363851541626881
"Drop AVO",1967,"Fishing mortality",0.133167708078605,0.13357737168546,-0.306686380848886
"Drop AVO",1968,"Spawning biomass",1644.77536525972,1640.42142114754,0.265416194647106
"Drop AVO",1968,"Total biomass",6709.15667411675,6695.04832786394,0.21072807188105
"Drop AVO",1968,"Age-1 recruitment",22393.0693617141,22388.2941849798,0.0213288993561989
"Drop AVO",1968,"Fishing mortality",0.141735331129921,0.142131343329709,-0.278624116616666
"Drop AVO",1969,"Spawning biomass",1866.35953838691,1862.07073142731,0.230324599769927
"Drop AVO",1969,"Total biomass",7296.55405987683,7283.32628444145,0.181617229803877
"Drop AVO",1969,"Age-1 recruitment",26265.8492033834,26267.8011526196,-0.00743095786681636
"Drop AVO",1969,"Fishing mortality",0.151241573405738,0.151655825033808,-0.273152467422422
"Drop AVO",1970,"Spawning biomass",1978.65321221707,1974.73235056632,0.19855154799211
"Drop AVO",1970,"Total biomass",8000.94164800385,7988.62698478385,0.154152437502186
"Drop AVO",1970,"Age-1 recruitment",23323.7520069883,23326.6099669886,-0.0122519303244362
"Drop AVO",1970,"Fishing mortality",0.219158547882964,0.219766732412337,-0.276740943771037
"Drop AVO",1971,"Spawning biomass",2090.95255152905,2087.34087649917,0.173027562031036
"Drop AVO",1971,"Total biomass",7931.53721440564,7920.32814507344,0.141522789547266
"Drop AVO",1971,"Age-1 recruitment",13593.5577414617,13590.5057326603,0.0224569185389489
"Drop AVO",1971,"Fishing mortality",0.312703844918214,0.313578619769085,-0.278965081074267
"Drop AVO",1972,"Spawning biomass",1954.69847114826,1951.62703070648,0.157378453641743
"Drop AVO",1972,"Total biomass",7199.93573092655,7190.2261821449,0.135038155068967
"Drop AVO",1972,"Age-1 recruitment",10861.4485480697,10858.3442555022,0.0285890048649096
"Drop AVO",1972,"Fishing mortality",0.356371315787755,0.35731621211176,-0.264442611887072
"Drop AVO",1973,"Spawning biomass",1675.86324070967,1673.21701586229,0.158151920659577
"Drop AVO",1973,"Total biomass",6457.02632620469,6449.11292945095,0.122705197448103
"Drop AVO",1973,"Age-1 recruitment",26712.4605061437,26722.8321233808,-0.03881181900659
"Drop AVO",1973,"Fishing mortality",0.411463661618241,0.412567557276101,-0.267567247688472
"Drop AVO",1974,"Spawning biomass",1274.40592100369,1272.09870520628,0.181370815642179
"Drop AVO",1974,"Total biomass",5426.03943650928,5419.58726463328,0.119052827474442
"Drop AVO",1974,"Age-1 recruitment",19190.2692025277,19195.0860066139,-0.025093943754595
"Drop AVO",1974,"Fishing mortality",0.448290891029098,0.449469260420593,-0.262169072561913
"Drop AVO",1975,"Spawning biomass",1180.65770113744,1178.59504815136,0.175009473297627
"Drop AVO",1975,"Total biomass",4654.45274855564,4649.36877076781,0.109347699408135
"Drop AVO",1975,"Age-1 recruitment",16290.2789100838,16293.5935924086,-0.0203434700025928
"Drop AVO",1975,"Fishing mortality",0.376531705081056,0.377375876663915,-0.223695163114779
"Drop AVO",1976,"Spawning biomass",1102.3922903741,1100.85764879417,0.139404180150793
"Drop AVO",1976,"Total biomass",4246.26145333197,4242.42020343655,0.090543833736767
"Drop AVO",1976,"Age-1 recruitment",12774.3070258671,12775.2436229366,-0.00733134409941494
"Drop AVO",1976,"Fishing mortality",0.348333557319499,0.349008992037287,-0.193529316779384
"Drop AVO",1977,"Spawning biomass",1281.76899906064,1280.50144563675,0.0989888319301357
"Drop AVO",1977,"Total biomass",3971.40112238431,3968.48909184715,0.0733788217571751
"Drop AVO",1977,"Age-1 recruitment",13803.2206753015,13803.4098959893,-0.00137082568137936
"Drop AVO",1977,"Fishing mortality",0.327380067903267,0.327920789013418,-0.164893818344969
"Drop AVO",1978,"Spawning biomass",1132.7746049758,1131.85715473736,0.0810570693127399
"Drop AVO",1978,"Total biomass",4233.90507340321,4231.71064210295,0.0518568372426254
"Drop AVO",1978,"Age-1 recruitment",26202.7463288008,26202.0373265028,0.00270590522863934
"Drop AVO",1978,"Fishing mortality",0.368032869325105,0.368553446781385,-0.141248836722541
"Drop AVO",1979,"Spawning biomass",1038.41316609303,1037.73389324034,0.0654573255358448
"Drop AVO",1979,"Total biomass",5434.02249865335,5432.23558254995,0.0328946724833301
"Drop AVO",1979,"Age-1 recruitment",62005.9297676972,62002.2870275712,0.00587517057939468
"Drop AVO",1979,"Fishing mortality",0.385129468162892,0.385570089516404,-0.114277887598724
"Drop AVO",1980,"Spawning biomass",1229.70623133412,1229.15017123997,0.0452393944333496
"Drop AVO",1980,"Total biomass",6187.47869008978,6185.98352176406,0.0241702604033556
"Drop AVO",1980,"Age-1 recruitment",29641.328605075,29638.6117793068,0.00916650816298326
"Drop AVO",1980,"Fishing mortality",0.35213381916681,0.352420789067693,-0.0814281988420817
"Drop AVO",1981,"Spawning biomass",1886.73063205482,1886.22852536653,0.0266196105897842
"Drop AVO",1981,"Total biomass",7701.78607028334,7700.39733508222,0.0180345914722491
"Drop AVO",1981,"Age-1 recruitment",33819.2198124366,33816.761976614,0.00726809924713745
"Drop AVO",1981,"Fishing mortality",0.250126471519951,0.250255953097428,-0.0517396592865649
"Drop AVO",1982,"Spawning biomass",2628.86228939185,2628.36368917204,0.0189699858457626
"Drop AVO",1982,"Total biomass",9297.21501669561,9295.79148845914,0.0153136851040347
"Drop AVO",1982,"Age-1 recruitment",18905.0811400012,18902.7721678056,0.0122149924633552
"Drop AVO",1982,"Fishing mortality",0.15939327055862,0.159446740595048,-0.033534731552809
"Drop AVO",1983,"Spawning biomass",3536.2362254799,3535.68006995811,0.0157298033415465
"Drop AVO",1983,"Total biomass",10648.0520284508,10646.6133320291,0.0135131837400104
"Drop AVO",1983,"Age-1 recruitment",51938.9415565776,51934.6599808869,0.0082441585104398
"Drop AVO",1983,"Fishing mortality",0.131582045161574,0.131614701425846,-0.0248120186561285
"Drop AVO",1984,"Spawning biomass",3673.14381223606,3672.58896677704,0.0151077472606787
"Drop AVO",1984,"Total biomass",10381.2619503868,10379.8275063368,0.0138195364914218
"Drop AVO",1984,"Age-1 recruitment",14224.0645969399,14221.6338899005,0.0170916159012879
"Drop AVO",1984,"Fishing mortality",0.128646915663515,0.12867198970209,-0.0194867885647709
"Drop AVO",1985,"Spawning biomass",4201.01688324643,4200.41090620621,0.014426613341989
"Drop AVO",1985,"Total biomass",12235.9219578275,12234.2466393933,0.0136936787653585
"Drop AVO",1985,"Age-1 recruitment",32621.7087687351,32617.3345130517,0.0134108312303427
"Drop AVO",1985,"Fishing mortality",0.130033052064768,0.130055175569439,-0.0170108606397101
"Drop AVO",1986,"Spawning biomass",4092.34598227996,4091.74899688871,0.0145899807566741
"Drop AVO",1986,"Total biomass",11067.159346076,11065.5774449182,0.0142956946051598
"Drop AVO",1986,"Age-1 recruitment",12648.3588111633,12646.1607332945,0.017381384873727
"Drop AVO",1986,"Fishing mortality",0.121691178832368,0.121710776525969,-0.01610185569485
"Drop AVO",1987,"Spawning biomass",4112.21027630316,4111.58679771117,0.0151639408983995
"Drop AVO",1987,"Total biomass",10671.7070214434,10670.0961447187,0.0150971153666468
"Drop AVO",1987,"Age-1 recruitment",7216.34163303241,7214.81141381756,0.0212094138998475
"Drop AVO",1987,"Fishing mortality",0.0909580934259471,0.0909723453785559,-0.0156662473078883
"Drop AVO",1988,"Spawning biomass",3872.26951992868,3871.64228307285,0.0162007956824084
"Drop AVO",1988,"Total biomass",9609.2767383239,9607.73523557,0.0160443925244724
"Drop AVO",1988,"Age-1 recruitment",5597.587757321,5596.25815466982,0.0237587797852212
"Drop AVO",1988,"Fishing mortality",0.128319814121685,0.128338307116699,-0.014409567516771
"Drop AVO",1989,"Spawning biomass",3350.1602030548,3349.55456712521,0.018081088618116
"Drop AVO",1989,"Total biomass",8175.21288369342,8173.76806607309,0.01767627376561
"Drop AVO",1989,"Age-1 recruitment",11778.3003284682,11775.7701793512,0.0214860606012612
"Drop AVO",1989,"Fishing mortality",0.135669175076432,0.135690599541527,-0.0157892036497742
"Drop AVO",1990,"Spawning biomass",2840.28379592784,2839.68088325935,0.0212317050149569
"Drop AVO",1990,"Total biomass",7821.4489176379,7819.87949830427,0.0200696102026665
"Drop AVO",1990,"Age-1 recruitment",50247.1271592416,50238.4612143097,0.0172496225450347
"Drop AVO",1990,"Fishing mortality",0.207222999220011,0.207259592519049,-0.017655780653103
"Drop AVO",1991,"Spawning biomass",2290.55392556038,2289.95445613664,0.0261782247300113
"Drop AVO",1991,"Total biomass",8915.99581907756,8914.0116700812,0.022258765972083
"Drop AVO",1991,"Age-1 recruitment",27215.0722287848,27208.1575383441,0.0254140341219733
"Drop AVO",1991,"Fishing mortality",0.249505591524805,0.24956530646386,-0.0239275802800254
"Drop AVO",1992,"Spawning biomass",2171.9434656159,2171.31808943673,0.0288016842032723
"Drop AVO",1992,"Total biomass",9821.57056700028,9819.18936083267,0.0242505371890855
"Drop AVO",1992,"Age-1 recruitment",23537.2695779273,23529.6406869378,0.0324224712606958
"Drop AVO",1992,"Fishing mortality",0.333883413945454,0.333982773105366,-0.0297497858910312
"Drop AVO",1993,"Spawning biomass",2843.03934991089,2842.22601791294,0.0286160211336428
"Drop AVO",1993,"Total biomass",10423.3259827545,10420.5282241301,0.0268485297891363
"Drop AVO",1993,"Age-1 recruitment",45938.3173175619,45924.0399978813,0.0310889888635923
"Drop AVO",1993,"Fishing mortality",0.215694668868026,0.215769779614214,-0.0348105959611655
"Drop AVO",1994,"Spawning biomass",3302.08053524662,3301.06599844736,0.0307336114981016
"Drop AVO",1994,"Total biomass",10620.5061417908,10617.3212163097,0.0299974486618559
"Drop AVO",1994,"Age-1 recruitment",15830.4477793701,15825.3944838432,0.0319315612138604
"Drop AVO",1994,"Fishing mortality",0.169098580607085,0.169158903336342,-0.0356603927233246
"Drop AVO",1995,"Spawning biomass",3529.97676324326,3528.76047629549,0.0344678239268426
"Drop AVO",1995,"Total biomass",8879.38209294364,8876.44823306461,0.0330521826072072
"Drop AVO",1995,"Age-1 recruitment",11097.1786705516,11093.8944867838,0.0296035244589099
"Drop AVO",1995,"Fishing mortality",0.167212559164123,0.167274376863314,-0.0369558687644878
"Drop AVO",1996,"Spawning biomass",3466.69191528467,3465.37405971209,0.0380292444586816
"Drop AVO",1996,"Total biomass",9270.86267736198,9267.57981670779,0.035423063184914
"Drop AVO",1996,"Age-1 recruitment",22582.5591724558,22577.0822279064,0.0242588678825761
"Drop AVO",1996,"Fishing mortality",0.195548798485905,0.195631241872624,-0.0421422396185145
"Drop AVO",1997,"Spawning biomass",3370.74211159258,3369.36330805404,0.0409217829149933
"Drop AVO",1997,"Total biomass",8656.995538208,8653.78803973821,0.037064675666465
"Drop AVO",1997,"Age-1 recruitment",30239.3392416852,30233.4273288941,0.0195542262765747
"Drop AVO",1997,"Fishing mortality",0.198807560296057,0.198902190182729,-0.0475760908341893
"Drop AVO",1998,"Spawning biomass",2865.12636177936,2863.8872897713,0.0432653901038194
"Drop AVO",1998,"Total biomass",8812.60324673705,8809.26617008891,0.0378814373831249
"Drop AVO",1998,"Age-1 recruitment",14878.0827211797,14873.8270410008,0.0286118708197947
"Drop AVO",1998,"Fishing mortality",0.168104507270201,0.168190229515376,-0.0509674345662403
"Drop AVO",1999,"Spawning biomass",2985.87653921691,2984.6094776387,0.0424531781363591
"Drop AVO",1999,"Total biomass",8875.91555532178,8872.51731659727,0.038300728003704
"Drop AVO",1999,"Age-1 recruitment",16136.1706721679,16128.8930711513,0.0451215156829443
"Drop AVO",1999,"Fishing mortality",0.135516880258779,0.135586594500635,-0.0514167658771547
"Drop AVO",2000,"Spawning biomass",2873.10799583163,2871.90977598312,0.0417220575149368
"Drop AVO",2000,"Total biomass",9196.13310030934,9192.54912839149,0.0389877918278492
"Drop AVO",2000,"Age-1 recruitment",24693.169179573,24679.3449497006,0.0560153841221656
"Drop AVO",2000,"Fishing mortality",0.151811279212293,0.151879959686362,-0.0452202345928798
"Drop AVO",2001,"Spawning biomass",2912.20192789957,2910.94789506352,0.0430798791753118
"Drop AVO",2001,"Total biomass",9057.55719650613,9053.62005473203,0.043486933959036
"Drop AVO",2001,"Age-1 recruitment",34487.365219176,34465.7525920263,0.0627075445168712
"Drop AVO",2001,"Fishing mortality",0.175895430765807,0.175961134972319,-0.0373401811268992
"Drop AVO",2002,"Spawning biomass",2707.36795844294,2706.02777994598,0.049525674011619
"Drop AVO",2002,"Total biomass",9505.23772268256,9500.29772443274,0.0519983519791323
"Drop AVO",2002,"Age-1 recruitment",23059.3583041476,23035.2561782968,0.104631464326688
"Drop AVO",2002,"Fishing mortality",0.207634631380216,0.207717595355891,-0.0399407549145581
"Drop AVO",2003,"Spawning biomass",2733.91275182744,2732.28693118088,0.0595040230953359
"Drop AVO",2003,"Total biomass",10797.3891371217,10790.3141675465,0.0655677811165711
"Drop AVO",2003,"Age-1 recruitment",14432.7946402905,14406.5322092461,0.182295299541613
"Drop AVO",2003,"Fishing mortality",0.224157923415772,0.224255000659838,-0.0432887756262712
"Drop AVO",2004,"Spawning biomass",3025.60399322522,3023.38440275775,0.0734141006168532
"Drop AVO",2004,"Total biomass",9981.47976407134,9973.21330203125,0.0828866463570055
"Drop AVO",2004,"Age-1 recruitment",6585.45567955394,6565.93471778996,0.297306668479203
"Drop AVO",2004,"Fishing mortality",0.20399106734182,0.204095657507776,-0.0512456596248656
"Drop AVO",2005,"Spawning biomass",2663.9438366587,2661.3619223968,0.097014774284343
"Drop AVO",2005,"Total biomass",8236.02389261404,8227.1500252455,0.107860770027401
"Drop AVO",2005,"Age-1 recruitment",4668.52225751423,4652.69650088966,0.340141606518807
"Drop AVO",2005,"Fishing mortality",0.193915902000505,0.194068672369972,-0.0787197478093193
"Drop AVO",2006,"Spawning biomass",2439.09259810612,2435.63506514968,0.141956116739639
"Drop AVO",2006,"Total biomass",6956.21556486523,6946.30855534712,0.142622652581181
"Drop AVO",2006,"Age-1 recruitment",11627.1293446477,11590.6402533457,0.314815148296033
"Drop AVO",2006,"Fishing mortality",0.238281703137805,0.238713403704113,-0.180844711528239
"Drop AVO",2007,"Spawning biomass",2007.56634901298,2002.93563228645,0.231196482397267
"Drop AVO",2007,"Total biomass",6379.76272947474,6365.89400279103,0.217859843057822
"Drop AVO",2007,"Age-1 recruitment",25090.41737086,25035.983331307,0.217423213750623
"Drop AVO",2007,"Fishing mortality",0.255244871005073,0.256183379014462,-0.366342271305464
"Drop AVO",2008,"Spawning biomass",1543.72772340584,1538.23472429027,0.357097589128119
"Drop AVO",2008,"Total biomass",5060.08267156741,5044.79081929389,0.30312163221986
"Drop AVO",2008,"Age-1 recruitment",13586.4864544772,13590.3957828699,-0.0287653756017137
"Drop AVO",2008,"Fishing mortality",0.278050541136578,0.2789920643156,-0.337473103879227
"Drop AVO",2009,"Spawning biomass",1635.35258435682,1628.90827273024,0.3956215174584
"Drop AVO",2009,"Total biomass",6028.54380047775,6012.93884387576,0.25952295553251
"Drop AVO",2009,"Age-1 recruitment",49495.0198863065,49682.9213588427,-0.37820133638885
"Drop AVO",2009,"Fishing mortality",0.265674383252401,0.266409996887844,-0.276120882863418
"Drop AVO",2010,"Spawning biomass",1670.73373676878,1664.93799542578,0.348105536598031
"Drop AVO",2010,"Total biomass",7943.21849994555,7935.21823147814,0.100819766187077
"Drop AVO",2010,"Age-1 recruitment",23116.6449833632,23227.7040980248,-0.478132122713737
"Drop AVO",2010,"Fishing mortality",0.220808777085769,0.221669345497034,-0.388221659307486
"Drop AVO",2011,"Spawning biomass",2043.30771258855,2039.86702620026,0.168672092057731
"Drop AVO",2011,"Total biomass",8756.84685676196,8760.49640005788,-0.0416590924675719
"Drop AVO",2011,"Age-1 recruitment",14169.9568495513,14247.5377750981,-0.544521634344208
"Drop AVO",2011,"Fishing mortality",0.299495747348961,0.300434628905846,-0.312507769262294
"Drop AVO",2012,"Spawning biomass",2485.05119700254,2487.19602356972,-0.0862347216243009
"Drop AVO",2012,"Total biomass",8877.05313791616,8893.26102757374,-0.182249116576272
"Drop AVO",2012,"Age-1 recruitment",12258.6411778149,12316.5729922859,-0.470356604124245
"Drop AVO",2012,"Fishing mortality",0.298070904551621,0.298362025142273,-0.0975729369422584
"Drop AVO",2013,"Spawning biomass",2829.05090484572,2837.55545799887,-0.299714077100299
"Drop AVO",2013,"Total biomass",9650.36799486262,9680.94888472081,-0.315887318715791
"Drop AVO",2013,"Age-1 recruitment",43429.1526965765,43505.6516116215,-0.175836729737944
"Drop AVO",2013,"Fishing mortality",0.281682171814289,0.281713076861739,-0.0109703986038268
"Drop AVO",2014,"Spawning biomass",2782.54382016995,2795.38839259423,-0.459491513176113
"Drop AVO",2014,"Total biomass",10502.6606433738,10539.1937966037,-0.346640871540316
"Drop AVO",2014,"Age-1 recruitment",49811.7710264734,49731.1169614748,0.162180280529589
"Drop AVO",2014,"Fishing mortality",0.265622966138126,0.265127419213925,0.1869089684013
"Drop AVO",2015,"Spawning biomass",2598.27487501316,2610.55153046946,-0.470270565932551
"Drop AVO",2015,"Total biomass",11597.7447361621,11632.2114500095,-0.296304051860619
"Drop AVO",2015,"Age-1 recruitment",21397.4938770759,21297.8038744331,0.468076442202858
"Drop AVO",2015,"Fishing mortality",0.28620032969069,0.286944058461393,-0.259189465253407
"Drop AVO",2016,"Spawning biomass",2863.67713236925,2871.70659755628,-0.279606043105485
"Drop AVO",2016,"Total biomass",12648.2609846562,12664.7062926195,-0.129851475299925
"Drop AVO",2016,"Age-1 recruitment",8154.28319526557,8092.22275601511,0.766914618166314
"Drop AVO",2016,"Fishing mortality",0.212976606307967,0.213191466487969,-0.100782729975724
"Drop AVO",2017,"Spawning biomass",3317.87635075173,3320.9366465953,-0.0921515876164181
"Drop AVO",2017,"Total biomass",11689.3672113893,11686.1738327255,0.0273261266647395
"Drop AVO",2017,"Age-1 recruitment",8272.72644497945,8160.70302541484,1.37271775747434
"Drop AVO",2017,"Fishing mortality",0.208068357656782,0.20767406014357,0.189863631952547
"Drop AVO",2018,"Spawning biomass",3168.68331845763,3167.79231786894,0.0281268624731101
"Drop AVO",2018,"Total biomass",10157.1124097615,10136.9683852203,0.198718431148914
"Drop AVO",2018,"Age-1 recruitment",17418.8069148768,17119.7476651656,1.7468671592616
"Drop AVO",2018,"Fishing mortality",0.172603704922068,0.171569104516092,0.603022559856536
"Drop AVO",2019,"Spawning biomass",3084.22504406369,3079.58896927978,0.150541998629206
"Drop AVO",2019,"Total biomass",10955.7368802669,10873.726093137,0.754210529375587
"Drop AVO",2019,"Age-1 recruitment",86141.8905511717,83858.3737996244,2.72306347962779
"Drop AVO",2019,"Fishing mortality",0.190610733685872,0.189794012626887,0.430319717508842
"Drop AVO",2020,"Spawning biomass",2390.41667479221,2379.85303553224,0.443877798429471
"Drop AVO",2020,"Total biomass",11689.8295857104,11518.7094687622,1.48558410481836
"Drop AVO",2020,"Age-1 recruitment",21883.9719138073,20857.3632753926,4.92204419542284
"Drop AVO",2020,"Fishing mortality",0.248465540628096,0.24745861835736,0.406905315086492
"Drop AVO",2021,"Spawning biomass",2632.60004263886,2595.19696984535,1.44124215726655
"Drop AVO",2021,"Total biomass",11462.3920000689,11218.2978629911,2.17585715817927
"Drop AVO",2021,"Age-1 recruitment",11692.1593560363,10885.2510193458,7.41285924648296
"Drop AVO",2021,"Fishing mortality",0.235325202404659,0.235206976313168,0.0502647044506865
"Drop AVO",2022,"Spawning biomass",3663.00275746094,3576.43283969098,2.42056601229077
"Drop AVO",2022,"Total biomass",12599.143380253,12236.4814815517,2.96377597798969
"Drop AVO",2022,"Age-1 recruitment",11728.5354025756,10579.8808349915,10.8569707494723
"Drop AVO",2022,"Fishing mortality",0.167186577420784,0.16825473046608,-0.634842801944946
"Drop AVO",2023,"Spawning biomass",3608.54572323053,3494.63922974156,3.25946359554243
"Drop AVO",2023,"Total biomass",11333.6706668999,10905.6116168498,3.92512648615415
"Drop AVO",2023,"Age-1 recruitment",16152.8918994434,14459.1453578969,11.7140155909801
"Drop AVO",2023,"Fishing mortality",0.165098910193054,0.1682382378576,-1.86600127564568
"Drop AVO",2024,"Spawning biomass",3695.99428309555,3536.73600119035,4.50297341536352
"Drop AVO",2024,"Total biomass",10164.9621885457,9646.63616451432,5.37312712112119
"Drop AVO",2024,"Age-1 recruitment",16856.2174199184,15767.7116818254,6.90338433412419
"Drop AVO",2024,"Fishing mortality",0.16691553513331,0.172748219862802,-3.37640800821216
