"Model","Fleet","Year","Observation","Lower95","Upper95","Predicted"
"Model","AVO index",2006,1.741476103,0.941861107623177,2.54109109837682,1.66236965823244
"Model","AVO index",2007,2.00191307,0.442882767674073,3.56094337232593,1.40424241765475
"Model","AVO index",2008,0.991543151,0.417537951754052,1.56554835024595,1.19777719245185
"Model","AVO index",2009,0.6951,0,1.45967349900437,1.27365522719908
"Model","AVO index",2010,1.9218,0.786602087951332,3.05699791204867,1.76267870927851
"Model","AVO index",2011,1.703822566,0.826390244441082,2.58125488755892,1.83496857198377
"Model","AVO index",2012,1.5206,0.791614043334168,2.24958595666583,1.87304112634554
"Model","AVO index",2013,2.177629578,1.41301627800699,2.94224287799301,2.11349285173813
"Model","AVO index",2014,3.0769,1.93963899262189,4.21416100737811,2.49532919804849
"Model","AVO index",2015,3.5927,2.79645015106669,4.38894984893331,2.44090409494803
"Model","AVO index",2016,2.8319,2.08889185731986,3.57490814268014,2.94953242717761
"Model","AVO index",2017,2.263,1.64092851071964,2.88507148928036,2.48114247665367
"Model","AVO index",2018,2.0841,1.58438659859975,2.58381340140025,2.28168643514586
"Model","AVO index",2019,2.8292,1.58384856644533,4.07455143355467,2.02253958875761
"Model","AVO index",2021,2.4101,1.37145866898889,3.4487413310111,2.2494816887803
"Model","AVO index",2022,2.9031,2.01174695976226,3.79445304023774,2.57242538713058
"Model","AVO index",2023,2.481,1.82372766143539,3.13827233856461,2.50896775427103
"Model","AVO index",2024,2.00700959,1.51542227179832,2.49859690820168,2.16904368170213
"Model","BTS biomass index",1982,3871.045939,3870.90359611904,3871.18828188096,4798.76345462824
"Model","BTS biomass index",1983,8918.551102,8918.42494303689,8918.67726096311,8203.46290489889
"Model","BTS biomass index",1984,6575.015167,6574.88442074986,6575.14591325014,7650.29842401553
"Model","BTS biomass index",1985,7504.611645,7504.46610837692,7504.75718162308,8418.96181552065
"Model","BTS biomass index",1986,7235.877523,7235.73495848215,7236.02008751785,8356.66859021843
"Model","BTS biomass index",1987,7576.038971,7575.88515247031,7576.19278952969,9071.16773457464
"Model","BTS biomass index",1988,11799.52504,11799.364618542,11799.6854614581,10888.3788619463
"Model","BTS biomass index",1989,9942.601905,9942.46458144904,9942.73922855096,10868.851838618
"Model","BTS biomass index",1990,11581.25353,11581.0859716751,11581.4210883249,10325.2566067869
"Model","BTS biomass index",1991,7129.587182,7129.45346259598,7129.72090140402,8259.22544354098
"Model","BTS biomass index",1992,6643.437096,6643.30181573668,6643.57237626332,6509.51413678014
"Model","BTS biomass index",1993,7849.269927,7849.14526335518,7849.39459064482,7135.19906866399
"Model","BTS biomass index",1994,7094.434902,7094.30663681501,7094.56316718499,7262.90318958909
"Model","BTS biomass index",1995,6597.187752,6597.02530855708,6597.35019544292,6096.10992329317
"Model","BTS biomass index",1996,3954.25528,3954.13526917694,3954.37529082306,4471.72676425842
"Model","BTS biomass index",1997,4371.517782,4371.39437964345,4371.64118435655,4465.27333945496
"Model","BTS biomass index",1998,3417.606809,3417.48689729411,3417.72672070589,4251.1457920579
"Model","BTS biomass index",1999,5613.644193,5613.50387330024,5613.78451269976,5233.51634415665
"Model","BTS biomass index",2000,7246.347745,7246.20936983718,7246.48612016282,6576.38989594027
"Model","BTS biomass index",2001,6066.56982,6066.44091581039,6066.69872418961,6290.67595729321
"Model","BTS biomass index",2002,6740.603163,6740.48899765163,6740.71732834837,6733.80171660143
"Model","BTS biomass index",2003,11239.16293,11239.0288258604,11239.2970341396,6870.52911682111
"Model","BTS biomass index",2004,5499.954999,5499.83114692795,5500.07885107205,6126.3157282522
"Model","BTS biomass index",2005,6972.381231,6972.25074108758,6972.51172091242,6628.59631867745
"Model","BTS biomass index",2006,4190.345627,4190.21859075515,4190.47266324485,5208.93531982124
"Model","BTS biomass index",2007,6777.45227,6777.29543647126,6777.60910352874,6832.06885174821
"Model","BTS biomass index",2008,4293.26099,4293.1080167723,4293.4139632277,5082.19491842541
"Model","BTS biomass index",2009,2820.215503,2820.0571777253,2820.3738282747,3989.01037102618
"Model","BTS biomass index",2010,5271.619717,5271.46648689366,5271.77294710634,5635.81082029666
"Model","BTS biomass index",2011,4505.989345,4505.8499392526,4506.1287507474,4551.51479721744
"Model","BTS biomass index",2012,5144.393306,5144.2667587628,5144.5198532372,5070.61084253416
"Model","BTS biomass index",2013,6712.589766,6712.4628874991,6712.7166445009,7136.36304092537
"Model","BTS biomass index",2014,11616.5106,11616.4006247057,11616.6205752943,9595.71557389169
"Model","BTS biomass index",2015,11215.70685,11215.5896831704,11215.8240168296,9396.86835234564
"Model","BTS biomass index",2016,8274.5087,8274.37231832882,8274.64508167118,8594.31029615227
"Model","BTS biomass index",2017,8855.042158,8854.94219185163,8855.14212414837,8197.9350712448
"Model","BTS biomass index",2018,4266.875366,4266.74229744615,4267.00843455385,5913.00994353748
"Model","BTS biomass index",2019,9257.419352,9257.32101728468,9257.51768671533,8764.58184043202
"Model","BTS biomass index",2021,4889.162547,4889.05728452985,4889.26780947015,4970.0417559787
"Model","BTS biomass index",2022,6531.432089,6531.31691954442,6531.54725845558,6305.83250303232
"Model","BTS biomass index",2023,4945.387531,4945.27558188307,4945.49948011693,5372.03704501761
"Model","BTS biomass index",2024,9407.463571,9407.31280923652,9407.61433276348,8306.28261078422
"Model","ATS biomass index",1994,3628.9293,2513.6588450052,5239.02751981097,3547.80933832817
"Model","ATS biomass index",1996,2944.77187,2203.7969540797,3934.88218154135,3512.42610873742
"Model","ATS biomass index",1997,3590.84054,2757.5595906091,4675.92280784016,3768.80494840337
"Model","ATS biomass index",1999,4141.37057,2785.80080956836,6156.56013134677,3389.43128644165
"Model","ATS biomass index",2000,3625.86364,2820.56313428422,4661.08592857659,3493.86811514532
"Model","ATS biomass index",2002,4305.86229,3377.31113599455,5489.70743703311,3655.75605827695
"Model","ATS biomass index",2004,4009.93704,3025.77301924284,5314.21060420048,3669.36674024415
"Model","ATS biomass index",2006,1872.86327,1380.50577672056,2540.82010178005,2367.44275661675
"Model","ATS biomass index",2007,2277.944,1619.30023329889,3204.48843298487,1975.95780269451
"Model","ATS biomass index",2008,1405.59025,850.83687948355,2322.04785492406,1702.73424252499
"Model","ATS biomass index",2009,1324.78137,717.143263588527,2447.27346320869,1892.73422964876
"Model","ATS biomass index",2010,2642.6749,1629.99900411183,4284.49993495264,2656.2425523114
"Model","ATS biomass index",2012,2295.95185,1683.88101183019,3130.50320092927,2805.56832966129
"Model","ATS biomass index",2014,4729.82772,3456.19883348933,6472.79607993347,3712.4389130908
"Model","ATS biomass index",2016,4828.79348,4069.8724836584,5729.23268876735,4471.04812054022
"Model","ATS biomass index",2018,2499.40106,1746.7118754624,3576.43738872238,3408.95454022376
"Model","ATS biomass index",2020,3617,1560.55664420055,8383.34772955453,3407.68766226608
"Model","ATS biomass index",2022,3834.04251,2077.93631110885,7074.26974055946,4208.36068517134
"Model","ATS biomass index",2024,2870.636995,1729.68587065464,4764.19267617872,3289.53661352305
"Model","ATS age-1 index",1994,1140.08514,160.596376384155,8093.54579296136,640.409841395017
"Model","ATS age-1 index",1996,1800.254055,253.590076442783,12780.1320461969,913.631643802819
"Model","ATS age-1 index",1997,13226.7894,1863.17177051913,93897.9221347943,1223.46303828381
"Model","ATS age-1 index",1999,607.203652,85.5328280468821,4310.58207031396,652.702638450951
"Model","ATS age-1 index",2000,460.3664031,64.8488201037926,3268.17395850871,998.720326546703
"Model","ATS age-1 index",2002,796.3968503,112.183243018091,5653.67809045669,932.181517995031
"Model","ATS age-1 index",2004,83.05449742,11.6993467067373,589.609805966037,265.708648419241
"Model","ATS age-1 index",2006,524.7109597,73.9126191723475,3724.96055899883,469.046276098222
"Model","ATS age-1 index",2007,5775.294145,813.5281126808,40999.2254002882,1013.14801168221
"Model","ATS age-1 index",2008,70.86987403,9.98297808181197,503.110294730452,549.972197307868
"Model","ATS age-1 index",2009,5196.786272,732.037472329585,36892.3567135214,2010.56229176406
"Model","ATS age-1 index",2010,2567.932041,361.727879889187,18229.9328689138,939.980195959414
"Model","ATS age-1 index",2012,177.3461428,24.9815973387627,1258.99292745528,498.423600438773
"Model","ATS age-1 index",2014,4750.826376,669.218003153577,33726.455577313,2012.51317624217
"Model","ATS age-1 index",2016,173.7523144,24.4753581131673,1233.480083101,327.47609467185
"Model","ATS age-1 index",2018,449.9560697,63.3823841663933,3194.27025856847,692.803664662144
"Model","ATS age-1 index",2020,350,49.3022229326261,2484.67498448096,844.041301908056
"Model","ATS age-1 index",2022,141.5599371,19.9406273635221,1004.9440986202,428.14288345632
"Model","Historical CPUE",1965,2816.437428,1712.41424328188,3920.46061271812,3306.42483689773
"Model","Historical CPUE",1966,3473.580475,2111.96194931969,4835.19900068031,3565.03648679021
"Model","Historical CPUE",1967,3802.169891,2311.74668130348,5292.59310069652,4068.00552085318
"Model","Historical CPUE",1968,5257.304601,3196.47906664865,7318.13013535135,4926.23815932626
"Model","Historical CPUE",1969,6712.468418,4081.2291478875,9343.7076881125,5684.4219165849
"Model","Historical CPUE",1970,5679.809828,3453.36528683269,7906.25436916731,5857.76922280938
"Model","Historical CPUE",1971,5257.331283,3196.49528832086,7318.16727767914,5902.2882259911
"Model","Historical CPUE",1972,5726.743484,3481.90128814012,7971.58567985988,5711.93527634468
"Model","Historical CPUE",1973,4787.923949,2911.09224884864,6664.75564915136,4804.42061182961
"Model","Historical CPUE",1974,4740.992588,2882.55764330973,6599.42753269027,4055.13889520375
"Model","Historical CPUE",1975,4271.57446,2597.14804041977,5946.00087958023,4050.47290731659
"Model","Historical CPUE",1976,4318.523058,2625.69312598284,6011.35299001716,3743.25935418204
