"Year","Quantity","Model","Value"
1964,"Spawning biomass","Model 26.0",1313.96044212048
1965,"Spawning biomass","Model 26.0",1342.64982205308
1966,"Spawning biomass","Model 26.0",1365.25847006155
1967,"Spawning biomass","Model 26.0",1475.26521737298
1968,"Spawning biomass","Model 26.0",1640.4339595087
1969,"Spawning biomass","Model 26.0",1862.08336951357
1970,"Spawning biomass","Model 26.0",1974.74463999399
1971,"Spawning biomass","Model 26.0",2087.35341165386
1972,"Spawning biomass","Model 26.0",1951.63936455024
1973,"Spawning biomass","Model 26.0",1673.22923984101
1974,"Spawning biomass","Model 26.0",1272.11051866407
1975,"Spawning biomass","Model 26.0",1178.60822635665
1976,"Spawning biomass","Model 26.0",1100.87232601873
1977,"Spawning biomass","Model 26.0",1280.52260345231
1978,"Spawning biomass","Model 26.0",1131.88130291186
1979,"Spawning biomass","Model 26.0",1037.76216083048
1980,"Spawning biomass","Model 26.0",1229.18770992026
1981,"Spawning biomass","Model 26.0",1886.27720830621
1982,"Spawning biomass","Model 26.0",2628.41908545053
1983,"Spawning biomass","Model 26.0",3535.74369929496
1984,"Spawning biomass","Model 26.0",3672.65287111075
1985,"Spawning biomass","Model 26.0",4200.48484101069
1986,"Spawning biomass","Model 26.0",4091.82607299569
1987,"Spawning biomass","Model 26.0",4111.67289570754
1988,"Spawning biomass","Model 26.0",3871.73405333278
1989,"Spawning biomass","Model 26.0",3349.64715467594
1990,"Spawning biomass","Model 26.0",2839.7756115145
1991,"Spawning biomass","Model 26.0",2290.05047302166
1992,"Spawning biomass","Model 26.0",2171.41522840618
1993,"Spawning biomass","Model 26.0",2842.34302871011
1994,"Spawning biomass","Model 26.0",3301.20258303486
1995,"Spawning biomass","Model 26.0",3528.91685789726
1996,"Spawning biomass","Model 26.0",3465.53898744885
1997,"Spawning biomass","Model 26.0",3369.53286749173
1998,"Spawning biomass","Model 26.0",2864.03816096318
1999,"Spawning biomass","Model 26.0",2984.76099943692
2000,"Spawning biomass","Model 26.0",2872.05009426534
2001,"Spawning biomass","Model 26.0",2911.08758517124
2002,"Spawning biomass","Model 26.0",2706.15981938083
2003,"Spawning biomass","Model 26.0",2732.41499367157
2004,"Spawning biomass","Model 26.0",3023.51712412367
2005,"Spawning biomass","Model 26.0",2661.48297546401
2006,"Spawning biomass","Model 26.0",2435.75481035212
2007,"Spawning biomass","Model 26.0",2003.04811548541
2008,"Spawning biomass","Model 26.0",1538.33435637908
2009,"Spawning biomass","Model 26.0",1629.00565520213
2010,"Spawning biomass","Model 26.0",1665.02429159893
2011,"Spawning biomass","Model 26.0",2039.95268166221
2012,"Spawning biomass","Model 26.0",2487.27981059655
2013,"Spawning biomass","Model 26.0",2837.64044173251
2014,"Spawning biomass","Model 26.0",2795.47329179692
2015,"Spawning biomass","Model 26.0",2610.64728217966
2016,"Spawning biomass","Model 26.0",2871.80017161916
2017,"Spawning biomass","Model 26.0",3321.04206866915
2018,"Spawning biomass","Model 26.0",3168.01136304127
2019,"Spawning biomass","Model 26.0",3080.37381258885
2020,"Spawning biomass","Model 26.0",2380.96743353698
2021,"Spawning biomass","Model 26.0",2593.49603123074
2022,"Spawning biomass","Model 26.0",3569.87587806377
2023,"Spawning biomass","Model 26.0",3486.1153651859
2024,"Spawning biomass","Model 26.0",3526.27254278764
1964,"Spawning biomass","Model 23.2 bridge",1455.33
1965,"Spawning biomass","Model 23.2 bridge",1473.48
1966,"Spawning biomass","Model 23.2 bridge",1479.17
1967,"Spawning biomass","Model 23.2 bridge",1570.18
1968,"Spawning biomass","Model 23.2 bridge",1717.66
1969,"Spawning biomass","Model 23.2 bridge",1929.44
1970,"Spawning biomass","Model 23.2 bridge",2037.33
1971,"Spawning biomass","Model 23.2 bridge",2150.48
1972,"Spawning biomass","Model 23.2 bridge",2014.42
1973,"Spawning biomass","Model 23.2 bridge",1735.33
1974,"Spawning biomass","Model 23.2 bridge",1330.77
1975,"Spawning biomass","Model 23.2 bridge",1235.19
1976,"Spawning biomass","Model 23.2 bridge",1145.63
1977,"Spawning biomass","Model 23.2 bridge",1318.18
1978,"Spawning biomass","Model 23.2 bridge",1158.22
1979,"Spawning biomass","Model 23.2 bridge",1055.4
1980,"Spawning biomass","Model 23.2 bridge",1240.42
1981,"Spawning biomass","Model 23.2 bridge",1892.28
1982,"Spawning biomass","Model 23.2 bridge",2631.03
1983,"Spawning biomass","Model 23.2 bridge",3536.13
1984,"Spawning biomass","Model 23.2 bridge",3671.99
1985,"Spawning biomass","Model 23.2 bridge",4198.99
1986,"Spawning biomass","Model 23.2 bridge",4090.11
1987,"Spawning biomass","Model 23.2 bridge",4109.74
1988,"Spawning biomass","Model 23.2 bridge",3869.77
1989,"Spawning biomass","Model 23.2 bridge",3347.72
1990,"Spawning biomass","Model 23.2 bridge",2837.86
1991,"Spawning biomass","Model 23.2 bridge",2288.1
1992,"Spawning biomass","Model 23.2 bridge",2169.14
1993,"Spawning biomass","Model 23.2 bridge",2838.99
1994,"Spawning biomass","Model 23.2 bridge",3296.68
1995,"Spawning biomass","Model 23.2 bridge",3523.21
1996,"Spawning biomass","Model 23.2 bridge",3459.14
1997,"Spawning biomass","Model 23.2 bridge",3362.74
1998,"Spawning biomass","Model 23.2 bridge",2857.99
1999,"Spawning biomass","Model 23.2 bridge",2978.63
2000,"Spawning biomass","Model 23.2 bridge",2866.38
2001,"Spawning biomass","Model 23.2 bridge",2905.66
2002,"Spawning biomass","Model 23.2 bridge",2701.04
2003,"Spawning biomass","Model 23.2 bridge",2727.34
2004,"Spawning biomass","Model 23.2 bridge",3018.07
2005,"Spawning biomass","Model 23.2 bridge",2656.28
2006,"Spawning biomass","Model 23.2 bridge",2430.28
2007,"Spawning biomass","Model 23.2 bridge",1997.7
2008,"Spawning biomass","Model 23.2 bridge",1533.77
2009,"Spawning biomass","Model 23.2 bridge",1625.07
2010,"Spawning biomass","Model 23.2 bridge",1661.99
2011,"Spawning biomass","Model 23.2 bridge",2037.31
2012,"Spawning biomass","Model 23.2 bridge",2484.51
2013,"Spawning biomass","Model 23.2 bridge",2834.31
2014,"Spawning biomass","Model 23.2 bridge",2791.16
2015,"Spawning biomass","Model 23.2 bridge",2604.87
2016,"Spawning biomass","Model 23.2 bridge",2864.4
2017,"Spawning biomass","Model 23.2 bridge",3316.63
2018,"Spawning biomass","Model 23.2 bridge",3171.23
2019,"Spawning biomass","Model 23.2 bridge",3090.43
2020,"Spawning biomass","Model 23.2 bridge",2389.45
2021,"Spawning biomass","Model 23.2 bridge",2572.94
2022,"Spawning biomass","Model 23.2 bridge",3501.63
2023,"Spawning biomass","Model 23.2 bridge",3401.59
2024,"Spawning biomass","Model 23.2 bridge",3427.46
1964,"Age-1 recruitment","Model 26.0",5634.8318223981
1965,"Age-1 recruitment","Model 26.0",23293.2979372444
1966,"Age-1 recruitment","Model 26.0",15752.6324551867
1967,"Age-1 recruitment","Model 26.0",27115.2612370909
1968,"Age-1 recruitment","Model 26.0",22388.337635434
1969,"Age-1 recruitment","Model 26.0",26267.8500053566
1970,"Age-1 recruitment","Model 26.0",23326.6571303842
1971,"Age-1 recruitment","Model 26.0",13590.5333376988
1972,"Age-1 recruitment","Model 26.0",10858.3652866725
1973,"Age-1 recruitment","Model 26.0",26722.9261033214
1974,"Age-1 recruitment","Model 26.0",19195.2134652431
1975,"Age-1 recruitment","Model 26.0",16293.7585534832
1976,"Age-1 recruitment","Model 26.0",12775.3998160117
1977,"Age-1 recruitment","Model 26.0",13803.6030717259
1978,"Age-1 recruitment","Model 26.0",26202.4122163677
1979,"Age-1 recruitment","Model 26.0",62002.8294759874
1980,"Age-1 recruitment","Model 26.0",29638.7486038076
1981,"Age-1 recruitment","Model 26.0",33817.0595579556
1982,"Age-1 recruitment","Model 26.0",18903.016446215
1983,"Age-1 recruitment","Model 26.0",51935.4354176572
1984,"Age-1 recruitment","Model 26.0",14221.9210816994
1985,"Age-1 recruitment","Model 26.0",32618.1786249284
1986,"Age-1 recruitment","Model 26.0",12646.5349603173
1987,"Age-1 recruitment","Model 26.0",7215.04123067866
1988,"Age-1 recruitment","Model 26.0",5596.45361579713
1989,"Age-1 recruitment","Model 26.0",11776.1136273517
1990,"Age-1 recruitment","Model 26.0",50239.4817233119
1991,"Age-1 recruitment","Model 26.0",27208.9033345696
1992,"Age-1 recruitment","Model 26.0",23530.4983651714
1993,"Age-1 recruitment","Model 26.0",45925.737105197
1994,"Age-1 recruitment","Model 26.0",15825.9383868913
1995,"Age-1 recruitment","Model 26.0",11094.2620374502
1996,"Age-1 recruitment","Model 26.0",22577.658010365
1997,"Age-1 recruitment","Model 26.0",30234.0197975292
1998,"Age-1 recruitment","Model 26.0",14874.188337645
1999,"Age-1 recruitment","Model 26.0",16129.311930025
2000,"Age-1 recruitment","Model 26.0",24679.909979727
2001,"Age-1 recruitment","Model 26.0",34466.484729209
2002,"Age-1 recruitment","Model 26.0",23035.815664057
2003,"Age-1 recruitment","Model 26.0",14406.9360851054
2004,"Age-1 recruitment","Model 26.0",6566.0983939321
2005,"Age-1 recruitment","Model 26.0",4652.85254025238
2006,"Age-1 recruitment","Model 26.0",11590.9403859681
2007,"Age-1 recruitment","Model 26.0",25036.384447938
2008,"Age-1 recruitment","Model 26.0",13590.6800784302
2009,"Age-1 recruitment","Model 26.0",49683.6589781433
2010,"Age-1 recruitment","Model 26.0",23227.9455101692
2011,"Age-1 recruitment","Model 26.0",14247.958464785
2012,"Age-1 recruitment","Model 26.0",12316.7753550143
2013,"Age-1 recruitment","Model 26.0",43507.8052051937
2014,"Age-1 recruitment","Model 26.0",49730.0737830813
2015,"Age-1 recruitment","Model 26.0",21299.535346045
2016,"Age-1 recruitment","Model 26.0",8098.86567790033
2017,"Age-1 recruitment","Model 26.0",8186.02613667922
2018,"Age-1 recruitment","Model 26.0",17125.1008813844
2019,"Age-1 recruitment","Model 26.0",83582.6962387013
2020,"Age-1 recruitment","Model 26.0",20796.3250684703
2021,"Age-1 recruitment","Model 26.0",10865.1985369415
2022,"Age-1 recruitment","Model 26.0",10564.0157533712
2023,"Age-1 recruitment","Model 26.0",14495.2388593378
2024,"Age-1 recruitment","Model 26.0",15784.6839550959
1964,"Age-1 recruitment","Model 23.2 bridge",5636.8
1965,"Age-1 recruitment","Model 23.2 bridge",23209.7
1966,"Age-1 recruitment","Model 23.2 bridge",15914.6
1967,"Age-1 recruitment","Model 23.2 bridge",27575.8
1968,"Age-1 recruitment","Model 23.2 bridge",22791.9
1969,"Age-1 recruitment","Model 23.2 bridge",26696.1
1970,"Age-1 recruitment","Model 23.2 bridge",23743.8
1971,"Age-1 recruitment","Model 23.2 bridge",13862.9
1972,"Age-1 recruitment","Model 23.2 bridge",10979.4
1973,"Age-1 recruitment","Model 23.2 bridge",26755.2
1974,"Age-1 recruitment","Model 23.2 bridge",19132.5
1975,"Age-1 recruitment","Model 23.2 bridge",16192.3
1976,"Age-1 recruitment","Model 23.2 bridge",12715.1
1977,"Age-1 recruitment","Model 23.2 bridge",13752.7
1978,"Age-1 recruitment","Model 23.2 bridge",26144.2
1979,"Age-1 recruitment","Model 23.2 bridge",61947.6
1980,"Age-1 recruitment","Model 23.2 bridge",29628.9
1981,"Age-1 recruitment","Model 23.2 bridge",33803.5
1982,"Age-1 recruitment","Model 23.2 bridge",18899.3
1983,"Age-1 recruitment","Model 23.2 bridge",51921.6
1984,"Age-1 recruitment","Model 23.2 bridge",14220.2
1985,"Age-1 recruitment","Model 23.2 bridge",32605.8
1986,"Age-1 recruitment","Model 23.2 bridge",12641.7
1987,"Age-1 recruitment","Model 23.2 bridge",7211.74
1988,"Age-1 recruitment","Model 23.2 bridge",5593.01
1989,"Age-1 recruitment","Model 23.2 bridge",11766.2
1990,"Age-1 recruitment","Model 23.2 bridge",50197.4
1991,"Age-1 recruitment","Model 23.2 bridge",27176
1992,"Age-1 recruitment","Model 23.2 bridge",23491.1
1993,"Age-1 recruitment","Model 23.2 bridge",45856.6
1994,"Age-1 recruitment","Model 23.2 bridge",15800.6
1995,"Age-1 recruitment","Model 23.2 bridge",11084.1
1996,"Age-1 recruitment","Model 23.2 bridge",22565
1997,"Age-1 recruitment","Model 23.2 bridge",30200.7
1998,"Age-1 recruitment","Model 23.2 bridge",14871.1
1999,"Age-1 recruitment","Model 23.2 bridge",16123.6
2000,"Age-1 recruitment","Model 23.2 bridge",24641
2001,"Age-1 recruitment","Model 23.2 bridge",34449.2
2002,"Age-1 recruitment","Model 23.2 bridge",23004
2003,"Age-1 recruitment","Model 23.2 bridge",14395.1
2004,"Age-1 recruitment","Model 23.2 bridge",6555.87
2005,"Age-1 recruitment","Model 23.2 bridge",4652.33
2006,"Age-1 recruitment","Model 23.2 bridge",11590.3
2007,"Age-1 recruitment","Model 23.2 bridge",25036.3
2008,"Age-1 recruitment","Model 23.2 bridge",13592.7
2009,"Age-1 recruitment","Model 23.2 bridge",49676.2
2010,"Age-1 recruitment","Model 23.2 bridge",23193.3
2011,"Age-1 recruitment","Model 23.2 bridge",14236.2
2012,"Age-1 recruitment","Model 23.2 bridge",12268.9
2013,"Age-1 recruitment","Model 23.2 bridge",43402.1
2014,"Age-1 recruitment","Model 23.2 bridge",49666
2015,"Age-1 recruitment","Model 23.2 bridge",21683.2
2016,"Age-1 recruitment","Model 23.2 bridge",8262.46
2017,"Age-1 recruitment","Model 23.2 bridge",8197.56
2018,"Age-1 recruitment","Model 23.2 bridge",16803.5
2019,"Age-1 recruitment","Model 23.2 bridge",81208.2
2020,"Age-1 recruitment","Model 23.2 bridge",20226.3
2021,"Age-1 recruitment","Model 23.2 bridge",10797.5
2022,"Age-1 recruitment","Model 23.2 bridge",10520.6
2023,"Age-1 recruitment","Model 23.2 bridge",15791
2024,"Age-1 recruitment","Model 23.2 bridge",16606.3
1964,"Total biomass","Model 26.0",4713.54127369633
1965,"Total biomass","Model 26.0",5088.60349549152
1966,"Total biomass","Model 26.0",5309.91119970155
1967,"Total biomass","Model 26.0",6049.7234273398
1968,"Total biomass","Model 26.0",6695.09110460443
1969,"Total biomass","Model 26.0",7283.36789170734
1970,"Total biomass","Model 26.0",7988.66852048782
1971,"Total biomass","Model 26.0",7920.36876064456
1972,"Total biomass","Model 26.0",7190.2652918406
1973,"Total biomass","Model 26.0",6449.15204227572
1974,"Total biomass","Model 26.0",5419.62722522438
1975,"Total biomass","Model 26.0",4649.41200847056
1976,"Total biomass","Model 26.0",4242.46894077309
1977,"Total biomass","Model 26.0",3968.54654152988
1978,"Total biomass","Model 26.0",4231.78437061717
1979,"Total biomass","Model 26.0",5432.33191518452
1980,"Total biomass","Model 26.0",6186.0951027763
1981,"Total biomass","Model 26.0",7700.53187308036
1982,"Total biomass","Model 26.0",9295.94731590317
1983,"Total biomass","Model 26.0",10646.7822571834
1984,"Total biomass","Model 26.0",10380.0018958882
1985,"Total biomass","Model 26.0",12234.4637462911
1986,"Total biomass","Model 26.0",11065.7909060193
1987,"Total biomass","Model 26.0",10670.3298283546
1988,"Total biomass","Model 26.0",9607.96423637365
1989,"Total biomass","Model 26.0",8173.98573060106
1990,"Total biomass","Model 26.0",7820.11459556172
1991,"Total biomass","Model 26.0",8914.29766156307
1992,"Total biomass","Model 26.0",9819.51557580279
1993,"Total biomass","Model 26.0",10420.8974712639
1994,"Total biomass","Model 26.0",10617.7321693179
1995,"Total biomass","Model 26.0",8876.82056020935
1996,"Total biomass","Model 26.0",9267.98562905818
1997,"Total biomass","Model 26.0",8654.17725017381
1998,"Total biomass","Model 26.0",8809.66289016045
1999,"Total biomass","Model 26.0",8872.90900676027
2000,"Total biomass","Model 26.0",9192.93324855298
2001,"Total biomass","Model 26.0",9053.99415323545
2002,"Total biomass","Model 26.0",9500.67173584833
2003,"Total biomass","Model 26.0",10790.714143623
2004,"Total biomass","Model 26.0",9973.58679104327
2005,"Total biomass","Model 26.0",8227.47339419666
2006,"Total biomass","Model 26.0",6946.60680039035
2007,"Total biomass","Model 26.0",6366.18719013696
2008,"Total biomass","Model 26.0",5045.03950984578
2009,"Total biomass","Model 26.0",6013.19817972243
2010,"Total biomass","Model 26.0",7935.48309294927
2011,"Total biomass","Model 26.0",8760.74784947201
2012,"Total biomass","Model 26.0",8893.49778610239
2013,"Total biomass","Model 26.0",9681.21176427506
2014,"Total biomass","Model 26.0",10539.4879779937
2015,"Total biomass","Model 26.0",11632.5625725174
2016,"Total biomass","Model 26.0",12665.1699955727
2017,"Total biomass","Model 26.0",11687.2778834389
2018,"Total biomass","Model 26.0",10138.762374199
2019,"Total biomass","Model 26.0",10871.0042646151
2020,"Total biomass","Model 26.0",11508.5707103097
2021,"Total biomass","Model 26.0",11201.673460601
2022,"Total biomass","Model 26.0",12210.5619148794
2023,"Total biomass","Model 26.0",10880.7201206255
2024,"Total biomass","Model 26.0",9624.30470407444
1964,"Total biomass","Model 23.2 bridge",5156.43798647053
1965,"Total biomass","Model 23.2 bridge",5499.13776979753
1966,"Total biomass","Model 23.2 bridge",5668.88694965484
1967,"Total biomass","Model 23.2 bridge",6365.82146635976
1968,"Total biomass","Model 23.2 bridge",6969.11607087975
1969,"Total biomass","Model 23.2 bridge",7525.51451171564
1970,"Total biomass","Model 23.2 bridge",8210.83108311813
1971,"Total biomass","Model 23.2 bridge",8131.21568225955
1972,"Total biomass","Model 23.2 bridge",7390.62552767015
1973,"Total biomass","Model 23.2 bridge",6636.9136843198
1974,"Total biomass","Model 23.2 bridge",5585.77275303265
1975,"Total biomass","Model 23.2 bridge",4789.96251355522
1976,"Total biomass","Model 23.2 bridge",4353.38169629073
1977,"Total biomass","Model 23.2 bridge",4051.45624109452
1978,"Total biomass","Model 23.2 bridge",4290.1687481613
1979,"Total biomass","Model 23.2 bridge",5471.40130694649
1980,"Total biomass","Model 23.2 bridge",6209.41159376766
1981,"Total biomass","Model 23.2 bridge",7712.45001050512
1982,"Total biomass","Model 23.2 bridge",9300.38099906448
1983,"Total biomass","Model 23.2 bridge",10645.9529642211
1984,"Total biomass","Model 23.2 bridge",10378.04161652
1985,"Total biomass","Model 23.2 bridge",12230.3404060814
1986,"Total biomass","Model 23.2 bridge",11061.3907999909
1987,"Total biomass","Model 23.2 bridge",10665.8408608831
1988,"Total biomass","Model 23.2 bridge",9603.1625610307
1989,"Total biomass","Model 23.2 bridge",8169.23804316056
1990,"Total biomass","Model 23.2 bridge",7814.83737609103
1991,"Total biomass","Model 23.2 bridge",8906.83375046454
1992,"Total biomass","Model 23.2 bridge",9809.71393145164
1993,"Total biomass","Model 23.2 bridge",10408.560763826
1994,"Total biomass","Model 23.2 bridge",10603.1555252551
1995,"Total biomass","Model 23.2 bridge",8863.14156893607
1996,"Total biomass","Model 23.2 bridge",9252.59551158156
1997,"Total biomass","Model 23.2 bridge",8639.06388708566
1998,"Total biomass","Model 23.2 bridge",8794.0262067606
1999,"Total biomass","Model 23.2 bridge",8857.5958989446
2000,"Total biomass","Model 23.2 bridge",9177.82518305889
2001,"Total biomass","Model 23.2 bridge",9039.48201965637
2002,"Total biomass","Model 23.2 bridge",9485.97613203755
2003,"Total biomass","Model 23.2 bridge",10774.9205258651
2004,"Total biomass","Model 23.2 bridge",9958.25165843348
2005,"Total biomass","Model 23.2 bridge",8213.77432965876
2006,"Total biomass","Model 23.2 bridge",6933.57055679303
2007,"Total biomass","Model 23.2 bridge",6353.39836002399
2008,"Total biomass","Model 23.2 bridge",5035.10787481493
2009,"Total biomass","Model 23.2 bridge",6004.41175373325
2010,"Total biomass","Model 23.2 bridge",7927.77746687363
2011,"Total biomass","Model 23.2 bridge",8753.80905252424
2012,"Total biomass","Model 23.2 bridge",8885.47337239837
2013,"Total biomass","Model 23.2 bridge",9668.9906006247
2014,"Total biomass","Model 23.2 bridge",10521.8589020499
2015,"Total biomass","Model 23.2 bridge",11616.592884855
2016,"Total biomass","Model 23.2 bridge",12655.8779332455
2017,"Total biomass","Model 23.2 bridge",11695.7427175097
2018,"Total biomass","Model 23.2 bridge",10152.8645715608
2019,"Total biomass","Model 23.2 bridge",10837.9514945894
2020,"Total biomass","Model 23.2 bridge",11398.225580399
2021,"Total biomass","Model 23.2 bridge",11031.9550061679
2022,"Total biomass","Model 23.2 bridge",11957.0500172324
2023,"Total biomass","Model 23.2 bridge",10661.2839546581
2024,"Total biomass","Model 23.2 bridge",9470.22502301459
