"Parameter","MCMC_posterior_SD","Hessian_asymptotic_SE","MCMC_to_Hessian_ratio","Slowest_six"
"rec_pars",0.123941372677765,0.123558299398484,1.00310034438112,FALSE
"rec_dev[1]",0.495891646175645,0.469675413068637,1.05581776771265,FALSE
"rec_dev[2]",0.291504869612814,0.292384561440139,0.996991319162026,FALSE
"rec_dev[3]",0.368469413938615,0.360575919852604,1.02189135117297,FALSE
"rec_dev[4]",0.287133794279334,0.293223919602748,0.979230462058946,FALSE
"rec_dev[5]",0.335434507173213,0.318432754571026,1.05339197164277,FALSE
"rec_dev[6]",0.305333809184519,0.294986756718864,1.0350763287842,FALSE
"rec_dev[7]",0.328681980778261,0.307107990007068,1.07024887490129,FALSE
"rec_dev[8]",0.398621445949056,0.375890234860898,1.06047300243532,FALSE
"rec_dev[9]",0.40872642151081,0.386919440271977,1.0563605210002,FALSE
"rec_dev[10]",0.247192954163445,0.23381041619661,1.05723670563754,FALSE
"rec_dev[11]",0.247084417808835,0.238411791446146,1.0363766670687,FALSE
"rec_dev[12]",0.221647201962377,0.221767355857293,0.999458198460041,FALSE
"rec_dev[13]",0.206898204153162,0.211627282224068,0.977653740948681,FALSE
"rec_dev[14]",0.190018518069738,0.192596419292822,0.986615009601166,FALSE
"rec_dev[15]",0.155617072096901,0.157617079761938,0.98731097119641,FALSE
"rec_dev[16]",0.140486159808005,0.139850543008305,1.00454497198243,FALSE
"rec_dev[17]",0.150136270660443,0.151033765575177,0.994057653854309,FALSE
"rec_dev[18]",0.150741308366571,0.14870287557482,1.01370809262344,FALSE
"rec_dev[19]",0.16242571087448,0.163720020576589,0.99209437124702,FALSE
"rec_dev[20]",0.136249294137668,0.137843258892611,0.988436396761448,FALSE
"rec_dev[21]",0.162349746655956,0.165226592393975,0.982588482299757,FALSE
"rec_dev[22]",0.141931405768534,0.141159525788429,1.00546813950949,FALSE
"rec_dev[23]",0.15866237293353,0.157851508255082,1.00513688267798,FALSE
"rec_dev[24]",0.166820138599553,0.16666815059318,1.00091191991891,FALSE
"rec_dev[25]",0.171529215619357,0.167786926515304,1.02230381819237,FALSE
"rec_dev[26]",0.144080845453519,0.14449293453625,0.997148032988233,FALSE
"rec_dev[27]",0.12918215971068,0.128396878713124,1.00611604429506,FALSE
"rec_dev[28]",0.131937489567452,0.132787354341246,0.993599806412212,FALSE
"rec_dev[29]",0.136310449334002,0.134581199226469,1.012849120958,FALSE
"rec_dev[30]",0.130213999533018,0.129128443606447,1.00840679168936,FALSE
"rec_dev[31]",0.137597292680041,0.137625084158718,0.999798063856985,FALSE
"rec_dev[32]",0.142999537517221,0.140908544044553,1.01483936610691,FALSE
"rec_dev[33]",0.133317770220539,0.131377738859832,1.01476681953536,FALSE
"rec_dev[34]",0.12850459868359,0.129069421202137,0.995623885864778,FALSE
"rec_dev[35]",0.133119685619563,0.133854746128361,0.994508521139075,FALSE
"rec_dev[36]",0.132322698416985,0.132750259598703,0.996779206436129,FALSE
"rec_dev[37]",0.129869923568988,0.129473457608218,1.00306214082866,FALSE
"rec_dev[38]",0.128272034441402,0.127420216984992,1.00668510442507,FALSE
"rec_dev[39]",0.127679961443609,0.128682467082951,0.99220946208083,FALSE
"rec_dev[40]",0.130133303895983,0.130810807997332,0.994820732998124,FALSE
"rec_dev[41]",0.137628887628038,0.138314258010532,0.995044832019835,FALSE
"rec_dev[42]",0.142519828597633,0.143567479129234,0.992702730883374,FALSE
"rec_dev[43]",0.133183735808839,0.133054839132609,1.00096874850303,FALSE
"rec_dev[44]",0.12941589356869,0.129259979582379,1.0012062046336,FALSE
"rec_dev[45]",0.137305207319311,0.135172119744986,1.01578052913833,FALSE
"rec_dev[46]",0.127033826482425,0.127225175503593,0.998495981472137,FALSE
"rec_dev[47]",0.13146480728906,0.131072501895915,1.0029930411602,FALSE
"rec_dev[48]",0.134124113098687,0.135161589437184,0.992324177728181,FALSE
"rec_dev[49]",0.134234424335198,0.136054544062133,0.986622132031813,FALSE
"rec_dev[50]",0.127123913233571,0.127294079215355,0.998663205839319,FALSE
"rec_dev[51]",0.127953249484355,0.127887383755423,1.00051502913733,FALSE
"rec_dev[52]",0.133018333585797,0.135095102093723,0.984627358980896,FALSE
"rec_dev[53]",0.156638895576693,0.156520442998193,1.00075678662948,FALSE
"rec_dev[54]",0.166945024246659,0.166655636133358,1.0017364436032,FALSE
"rec_dev[55]",0.158280606096298,0.161041351059856,0.982856918764103,FALSE
"rec_dev[56]",0.147424123750697,0.152287596927903,0.968063891772428,FALSE
"rec_dev[57]",0.184302968521793,0.188945355110003,0.97543000416439,FALSE
"rec_dev[58]",0.231084768053577,0.231338507964631,0.998903166129642,FALSE
"rec_dev[59]",0.286692880404128,0.286128949006197,1.00197089948392,FALSE
"rec_dev[60]",0.324598132817609,0.317859556470564,1.02119985449507,FALSE
"rec_dev[61]",0.67654085954153,0.680859648715558,0.993656858381644,FALSE
"init_dev[1]",0.360469407819826,0.35241081984713,1.02286702768148,FALSE
"init_dev[2]",0.360831978782743,0.347977149701994,1.03694158967552,FALSE
"init_dev[3]",0.461270852640685,0.455654889995028,1.01232503539185,FALSE
"init_dev[4]",0.520633014652304,0.525718277257598,0.990327019574398,FALSE
"init_dev[5]",0.487314774434856,0.477453532507269,1.02065382546402,FALSE
"init_dev[6]",0.549076843706345,0.55380634948215,0.991460000810342,FALSE
"init_dev[7]",0.590065223885382,0.63413044038392,0.930510800787518,FALSE
"init_dev[8]",0.621566000556149,0.674217796582946,0.921906843317329,FALSE
"init_dev[9]",0.625799852299899,0.699035150579924,0.895233740078351,FALSE
"init_dev[10]",0.641823612258122,0.72528606996625,0.884924774976014,FALSE
"init_dev[11]",0.650661322043277,0.75236536277826,0.864820942368452,FALSE
"init_dev[12]",0.657328843774915,0.779220549424032,0.843572264952183,FALSE
"init_dev[13]",0.692190495424938,0.806551250546402,0.858210181877483,FALSE
"init_dev[14]",0.635022420918934,0.713375495533112,0.890165733046908,FALSE
"log_F[1]",0.298480851467949,0.223223376524387,1.33713975711384,FALSE
"log_F[2]",0.341801009115861,0.2186236576945,1.56342187629797,TRUE
"log_F[3]",0.362255988502117,0.22272437485454,1.62647662043593,TRUE
"log_F[4]",0.371979068748103,0.234629625475049,1.58538832423641,TRUE
"log_F[5]",0.361401225827525,0.232797450445655,1.55242776557766,FALSE
"log_F[6]",0.354960726831526,0.23853875208359,1.48806315003752,FALSE
"log_F[7]",0.345903717072765,0.23897209572562,1.44746488506307,FALSE
"log_F[8]",0.347947518539812,0.240664769092428,1.44577671194649,TRUE
"log_F[9]",0.349300850385146,0.235576840157553,1.48274698884463,TRUE
"log_F[10]",0.346999502002044,0.239040299489005,1.45163599085101,FALSE
"log_F[11]",0.359264405354398,0.238187914480421,1.50832340145423,FALSE
"log_F[12]",0.342608149963992,0.215972256545594,1.58635259659689,FALSE
"log_F[13]",0.331079537766393,0.209131500305631,1.58311654285721,FALSE
"log_F[14]",0.332449272974967,0.221459396652841,1.50117483385053,FALSE
"log_F[15]",0.335348676903851,0.220798482459534,1.51879973615901,FALSE
"log_F[16]",0.31918261157343,0.211976961408673,1.50574198937626,FALSE
"log_F[17]",0.306518642436856,0.197735119063196,1.55014771219721,FALSE
"log_F[18]",0.300712505382374,0.195345660788215,1.53938666550875,FALSE
"log_F[19]",0.291034761076968,0.203180874650059,1.43239250041728,FALSE
"log_F[20]",0.26846758357282,0.188897665027221,1.4212329386609,FALSE
"log_F[21]",0.247706758701034,0.153666186012412,1.61197961066741,FALSE
"log_F[22]",0.22470744522436,0.141184475814752,1.59158748812581,FALSE
"log_F[23]",0.201259413142952,0.133936244425205,1.50265086203267,FALSE
"log_F[24]",0.172843952723968,0.126951430458347,1.36149669286853,FALSE
"log_F[25]",0.145088434401186,0.117701668094748,1.23267950870835,FALSE
"log_F[26]",0.118983017488968,0.100894678082745,1.17927942038121,FALSE
"log_F[27]",0.0950530659526009,0.0946883806503816,1.00385142611706,FALSE
"log_F[28]",0.0878400235800093,0.0851248723455282,1.03189609757604,FALSE
"log_F[29]",0.0953097024364575,0.0923978142625619,1.03151468676111,FALSE
"log_F[30]",0.112257595717299,0.109510270031063,1.02508737934311,FALSE
"log_F[31]",0.125965129609966,0.118883358792011,1.05956906744488,FALSE
"log_F[32]",0.11976761744588,0.112990443365625,1.05998006449381,FALSE
"log_F[33]",0.119929268328275,0.112391652016371,1.06706562432951,FALSE
"log_F[34]",0.134215155700933,0.125593681227563,1.06864576616517,FALSE
"log_F[35]",0.13135826007579,0.118731374783873,1.10634834570814,FALSE
"log_F[36]",0.126858062901297,0.114632177270438,1.10665317471914,FALSE
"log_F[37]",0.110614223447104,0.0952133298957008,1.16175144350348,FALSE
"log_F[38]",0.0937283280695553,0.0852257425735392,1.09976546098944,FALSE
"log_F[39]",0.0809736413513329,0.0782955764297885,1.03420454952453,FALSE
"log_F[40]",0.0793558564710647,0.0777608305593057,1.02051194541373,FALSE
"log_F[41]",0.0874655226778542,0.0842622204359482,1.03801587740429,FALSE
"log_F[42]",0.0875553062456308,0.083252500787468,1.05168379829391,FALSE
"log_F[43]",0.0831049607541771,0.0823091405454616,1.009668673533,FALSE
"log_F[44]",0.083284961975931,0.0814604393728121,1.02239765237171,FALSE
"log_F[45]",0.0867742463152427,0.0849615316146598,1.02133571118756,FALSE
"log_F[46]",0.0966131500775826,0.0953512390275791,1.0132343434954,FALSE
"log_F[47]",0.106304344099647,0.104524215870939,1.01703077333683,FALSE
"log_F[48]",0.105770265857336,0.101286572858838,1.04426739766136,FALSE
"log_F[49]",0.13247681713882,0.125096828405897,1.05899421133986,FALSE
"log_F[50]",0.148193045149666,0.145848724751002,1.01607364344574,FALSE
"log_F[51]",0.167146344877225,0.158169098291624,1.05675727232793,FALSE
"log_F[52]",0.175352360287682,0.165117610625556,1.06198460372186,FALSE
"log_F[53]",0.168415458744815,0.147514981614983,1.14168375917493,FALSE
"log_F[54]",0.159115623197822,0.131898869591357,1.20634561684104,FALSE
"log_F[55]",0.149379603233987,0.124218124399736,1.20255883717323,FALSE
"log_F[56]",0.134497646386939,0.113171327305344,1.18844277600505,FALSE
"log_F[57]",0.149156898147406,0.127200136786845,1.17261586280646,FALSE
"log_F[58]",0.160501076868167,0.134119838232354,1.19669900428981,FALSE
"log_F[59]",0.177815136394308,0.156250740038923,1.1380114830177,FALSE
"log_F[60]",0.194951236987544,0.179254514731961,1.08756667735289,FALSE
"log_F[61]",0.254198765956597,0.248766771738411,1.02183569043497,FALSE
"index_log_q[1]",0.0763469608388275,0.0762723720019775,1.00097792732666,FALSE
"index_log_q[2]",0.0649491022360372,0.0647235132958644,1.00348542482763,FALSE
"index_log_q[3]",0.303963060373095,0.193881142964482,1.5677804232296,TRUE
"sel_coff_dev[1]",0.592885445973206,0.596840396253814,0.993373521119829,FALSE
"sel_coff_dev[2]",0.482021360896586,0.493212073033973,0.977310547025852,FALSE
"sel_coff_dev[3]",0.428268332659169,0.438477160614167,0.976717537714624,FALSE
"sel_coff_dev[4]",0.389186243023805,0.397924539388539,0.978040317950329,FALSE
"sel_coff_dev[5]",0.357036738491113,0.396557875342335,0.900339548629303,FALSE
"sel_coff_dev[6]",0.329903433635464,0.295855238268919,1.11508397000426,FALSE
"sel_coff_dev[7]",0.328809126586392,0.274721207442369,1.19688294051842,FALSE
"sel_coff_dev[8]",0.326130867138672,0.268079186931126,1.21654676318628,FALSE
"sel_coff_dev[9]",0.330740020902314,0.26781202053954,1.23497078374599,FALSE
"sel_coff_dev[10]",0.350193123222314,0.271775601648859,1.28853775356469,FALSE
"sel_coff_dev[11]",0.368401042584386,0.280089933801966,1.3152955466256,FALSE
"sel_coff_dev[12]",0.422956913043562,0.293644555368304,1.44037035698846,FALSE
"sel_coff_dev[13]",0.413312057566716,0.415130869664903,0.995618701881517,FALSE
"sel_coff_dev[14]",0.409995943671186,0.402655239926931,1.01823074187632,FALSE
"sel_coff_dev[15]",0.393770815286792,0.394438925966546,0.998306174579202,FALSE
"sel_coff_dev[16]",0.369596599925175,0.377693822638511,0.978561410783025,FALSE
"sel_coff_dev[17]",0.350160600754043,0.379202783657612,0.923412527135373,FALSE
"sel_coff_dev[18]",0.3377948044686,0.305489827642603,1.10574812613332,FALSE
"sel_coff_dev[19]",0.34074597323999,0.283898464597974,1.2002388731567,FALSE
"sel_coff_dev[20]",0.339342616751421,0.279660436793832,1.21340944983787,FALSE
"sel_coff_dev[21]",0.335650442877346,0.279760294853464,1.19977870002302,FALSE
"sel_coff_dev[22]",0.34907559265752,0.281370246333839,1.24062724188452,FALSE
"sel_coff_dev[23]",0.354090280737334,0.28323814655828,1.25015039478263,FALSE
"sel_coff_dev[24]",0.28828240051115,0.278679581529151,1.03445827975378,FALSE
"sel_coff_dev[25]",0.420681653210904,0.415859589816023,1.0115954122809,FALSE
"sel_coff_dev[26]",0.410079589379944,0.401903583203734,1.02034320299171,FALSE
"sel_coff_dev[27]",0.39132517087602,0.393326678196762,0.994911335966535,FALSE
"sel_coff_dev[28]",0.360691885272651,0.309010573627274,1.16724771271974,FALSE
"sel_coff_dev[29]",0.33605898742881,0.284387897274527,1.18169229650587,FALSE
"sel_coff_dev[30]",0.332785535427656,0.278645021713766,1.19429923197948,FALSE
"sel_coff_dev[31]",0.335915583735711,0.27745814709425,1.21068920575471,FALSE
"sel_coff_dev[32]",0.340896280852856,0.277272573482085,1.22946267844584,FALSE
"sel_coff_dev[33]",0.34272230284858,0.277955910938164,1.23300958663485,FALSE
"sel_coff_dev[34]",0.356126130122949,0.279474839197004,1.27426902237848,FALSE
"sel_coff_dev[35]",0.355122547872093,0.281192658434765,1.26291543260358,FALSE
"sel_coff_dev[36]",0.278234980627777,0.274969203265944,1.011876884113,FALSE
"sel_coff_dev[37]",0.407248820563522,0.416112425085074,0.978699015008407,FALSE
"sel_coff_dev[38]",0.393688079920042,0.398794440803726,0.987195506353116,FALSE
"sel_coff_dev[39]",0.379791025835891,0.390692687501683,0.972096581240095,FALSE
"sel_coff_dev[40]",0.349098771955258,0.308520085133527,1.13152688844932,FALSE
"sel_coff_dev[41]",0.325732963713926,0.282834836770522,1.15167200558894,FALSE
"sel_coff_dev[42]",0.3319149893355,0.27808535881176,1.19357232884806,FALSE
"sel_coff_dev[43]",0.338517384734655,0.277344656035787,1.2205657378557,FALSE
"sel_coff_dev[44]",0.339508686695248,0.277279430623922,1.22442795677739,FALSE
"sel_coff_dev[45]",0.341674864719132,0.277974506220779,1.2291589950618,FALSE
"sel_coff_dev[46]",0.352694655621869,0.279469955431977,1.26201278086121,FALSE
"sel_coff_dev[47]",0.346877699572172,0.281280774137971,1.23320799523264,FALSE
"sel_coff_dev[48]",0.268189193614404,0.275061198565528,0.975016450931786,FALSE
"sel_coff_dev[49]",0.414977373272345,0.416296217031392,0.99683195833858,FALSE
"sel_coff_dev[50]",0.410918180459205,0.397749761126055,1.0331072966477,FALSE
"sel_coff_dev[51]",0.382709112150059,0.385504135530874,0.992749692874329,FALSE
"sel_coff_dev[52]",0.351449326485097,0.309782394086145,1.13450387495993,FALSE
"sel_coff_dev[53]",0.338008410244243,0.285044815404447,1.18580795712649,FALSE
"sel_coff_dev[54]",0.337711035203357,0.279342920878538,1.20894789150643,FALSE
"sel_coff_dev[55]",0.340077836682047,0.278165860716324,1.22257215823067,FALSE
"sel_coff_dev[56]",0.34576537277624,0.279339694184294,1.23779534371553,FALSE
"sel_coff_dev[57]",0.340755986806216,0.281163713636856,1.21194866292856,FALSE
"sel_coff_dev[58]",0.352161111812549,0.287105225815147,1.22659248299189,FALSE
"sel_coff_dev[59]",0.35189476618606,0.28845291678318,1.21993831821977,FALSE
"sel_coff_dev[60]",0.270752276781713,0.277932891920629,0.97416421248563,FALSE
"sel_coff_dev[61]",0.408991733731027,0.416504419432143,0.981962530646472,FALSE
"sel_coff_dev[62]",0.406522626338123,0.396746681087142,1.02464026976658,FALSE
"sel_coff_dev[63]",0.357330560241485,0.385705793066605,0.926432961767261,FALSE
"sel_coff_dev[64]",0.339124919990154,0.310074453451945,1.09368868094356,FALSE
"sel_coff_dev[65]",0.326081342932776,0.288035864809792,1.13208590585797,FALSE
"sel_coff_dev[66]",0.333531697188059,0.289336390712397,1.15274714102449,FALSE
"sel_coff_dev[67]",0.356072872225051,0.311259109587823,1.1439757464338,FALSE
"sel_coff_dev[68]",0.345275032880233,0.338823846878756,1.01903994084509,FALSE
"sel_coff_dev[69]",0.352231627468572,0.340426043539746,1.03467885067215,FALSE
"sel_coff_dev[70]",0.346888306543847,0.401347903158213,0.864308256787136,FALSE
"sel_coff_dev[71]",0.342655121252307,0.328649438057705,1.042615874463,FALSE
"sel_coff_dev[72]",0.268325363499959,0.287110765489031,0.93457088954127,FALSE
"sel_coff_dev[73]",0.4238246589381,0.41697608165874,1.01642438878536,FALSE
"sel_coff_dev[74]",0.399720346044741,0.396469553847529,1.0081993488924,FALSE
"sel_coff_dev[75]",0.361928451179791,0.38399873529518,0.942525112489178,FALSE
"sel_coff_dev[76]",0.338265039614652,0.363877155090683,0.929613290865572,FALSE
"sel_coff_dev[77]",0.337330923226917,0.316247981850804,1.06666585270435,FALSE
"sel_coff_dev[78]",0.338396403791348,0.316821276331127,1.06809873285679,FALSE
"sel_coff_dev[79]",0.344885639387887,0.368677112017419,0.935467996645237,FALSE
"sel_coff_dev[80]",0.348584033725787,0.401046211460364,0.869186701593461,FALSE
"sel_coff_dev[81]",0.357360961026564,0.401865371500614,0.88925542325813,FALSE
"sel_coff_dev[82]",0.362014413597105,0.408801289971619,0.88555105494466,FALSE
"sel_coff_dev[83]",0.347342011939173,0.406147719160385,0.855211036657354,FALSE
"sel_coff_dev[84]",0.273754911908835,0.30414366686435,0.900084209318523,FALSE
"sel_coff_dev[85]",0.412094946137732,0.417213401290306,0.987731805505899,FALSE
"sel_coff_dev[86]",0.399080744173992,0.39549604442882,1.009063806821,FALSE
"sel_coff_dev[87]",0.353218321955465,0.3807527918949,0.927684128585363,FALSE
"sel_coff_dev[88]",0.33802447413464,0.372198272055538,0.908183888839229,FALSE
"sel_coff_dev[89]",0.32638497031974,0.319844296830845,1.02044955484185,FALSE
"sel_coff_dev[90]",0.331367505899743,0.315281173714747,1.0510221780624,FALSE
"sel_coff_dev[91]",0.344190180155549,0.369880200576778,0.930545024088423,FALSE
"sel_coff_dev[92]",0.35182668491578,0.403195032279564,0.872596775130487,FALSE
"sel_coff_dev[93]",0.363719431780019,0.403812509792288,0.900713630608195,FALSE
"sel_coff_dev[94]",0.358230287684376,0.409182149146087,0.875478777439239,FALSE
"sel_coff_dev[95]",0.351547918517646,0.406036918877224,0.86580284248474,FALSE
"sel_coff_dev[96]",0.26521781848227,0.301270839322867,0.88033020081987,FALSE
"sel_coff_dev[97]",0.397417479686623,0.417130325893113,0.952741757233108,FALSE
"sel_coff_dev[98]",0.403531798202963,0.396561878942746,1.0175758680557,FALSE
"sel_coff_dev[99]",0.352544954563323,0.379006698647005,0.930181328778233,FALSE
"sel_coff_dev[100]",0.340447040780184,0.362736660048303,0.938551512093784,FALSE
"sel_coff_dev[101]",0.33241670095593,0.308411086625742,1.07783641824562,FALSE
"sel_coff_dev[102]",0.336205083642782,0.296852253681376,1.13256705810172,FALSE
"sel_coff_dev[103]",0.351631314508076,0.323048318108508,1.08847901319198,FALSE
"sel_coff_dev[104]",0.353909066898847,0.40310275845799,0.877962404059635,FALSE
"sel_coff_dev[105]",0.357976376359494,0.403822473896828,0.886469672935917,FALSE
"sel_coff_dev[106]",0.363138158208254,0.409235057129503,0.887358382137183,FALSE
"sel_coff_dev[107]",0.342260310818506,0.4056142176062,0.843807480019838,FALSE
"sel_coff_dev[108]",0.270422642938985,0.300896220121302,0.898723961470727,FALSE
"sel_coff_dev[109]",0.418985223787547,0.416547406317869,1.00585243704007,FALSE
"sel_coff_dev[110]",0.38170501524997,0.396566211862859,0.962525308086438,FALSE
"sel_coff_dev[111]",0.354062836860205,0.379258075612059,0.933567034238643,FALSE
"sel_coff_dev[112]",0.33148512179068,0.355446564040388,0.932587779222463,FALSE
"sel_coff_dev[113]",0.330603335464795,0.304269294175289,1.08654846806308,FALSE
"sel_coff_dev[114]",0.335658573022704,0.29385650827152,1.1422533228788,FALSE
"sel_coff_dev[115]",0.347552125562611,0.3202645621156,1.08520319346841,FALSE
"sel_coff_dev[116]",0.357506123273711,0.398907729642583,0.89621257425629,FALSE
"sel_coff_dev[117]",0.35766898637239,0.401402870257711,0.891047406170159,FALSE
"sel_coff_dev[118]",0.352513051852106,0.408069687433163,0.863855029442351,FALSE
"sel_coff_dev[119]",0.349573651469047,0.40451498206746,0.864179738615341,FALSE
"sel_coff_dev[120]",0.265058953621075,0.30149151870357,0.879158905566707,FALSE
"sel_coff_dev[121]",0.429120935058066,0.415508965034694,1.03275975049596,FALSE
"sel_coff_dev[122]",0.404550620496402,0.393269717718906,1.02868490064002,FALSE
"sel_coff_dev[123]",0.362194231156907,0.368854299726406,0.981943904207057,FALSE
"sel_coff_dev[124]",0.341009802330049,0.348828278851134,0.977586460172223,FALSE
"sel_coff_dev[125]",0.323222900910332,0.303189024980464,1.06607718050203,FALSE
"sel_coff_dev[126]",0.337030918140692,0.292730956174574,1.15133336953847,FALSE
"sel_coff_dev[127]",0.35132397463189,0.31630837912181,1.11070081547412,FALSE
"sel_coff_dev[128]",0.350340605836132,0.385902158728838,0.907848266488464,FALSE
"sel_coff_dev[129]",0.360855555090636,0.394329538083333,0.91511165215926,FALSE
"sel_coff_dev[130]",0.360713596266973,0.405040799582514,0.890561140109268,FALSE
"sel_coff_dev[131]",0.354508561605919,0.401073076802441,0.883900172088941,FALSE
"sel_coff_dev[132]",0.27125755127645,0.302469091669519,0.896810810583018,FALSE
"sel_coff_dev[133]",0.422262492692628,0.414879080923876,1.01779653905979,FALSE
"sel_coff_dev[134]",0.392879053092816,0.387861280618277,1.01293702858543,FALSE
"sel_coff_dev[135]",0.341206631341517,0.307768421369738,1.10864730638368,FALSE
"sel_coff_dev[136]",0.328803223668408,0.284248100436766,1.15674730337047,FALSE
"sel_coff_dev[137]",0.326168582633017,0.280969158265043,1.16086970060015,FALSE
"sel_coff_dev[138]",0.335260082370405,0.286411505674233,1.17055382108753,FALSE
"sel_coff_dev[139]",0.347653930405582,0.309508125884969,1.12324653645698,FALSE
"sel_coff_dev[140]",0.361156642935868,0.384103304011824,0.940259141652035,FALSE
"sel_coff_dev[141]",0.360401663142356,0.395499771792553,0.911256311246099,FALSE
"sel_coff_dev[142]",0.349038662361525,0.322101134187887,1.08363065296729,FALSE
"sel_coff_dev[143]",0.351842343705678,0.293203123688369,1.19999520905389,FALSE
"sel_coff_dev[144]",0.266395736424487,0.278717070063277,0.95579268382811,FALSE
"sel_coff_dev[145]",0.416307019640295,0.41449921519545,1.00436141825743,FALSE
"sel_coff_dev[146]",0.397088942284078,0.388433565097358,1.02228277359231,FALSE
"sel_coff_dev[147]",0.339769674475986,0.3488723123406,0.973908397019114,FALSE
"sel_coff_dev[148]",0.324669977209117,0.301729239626062,1.07603087328058,FALSE
"sel_coff_dev[149]",0.327468279271011,0.283484518139123,1.15515401483161,FALSE
"sel_coff_dev[150]",0.337829723690379,0.281028698136868,1.20211823892038,FALSE
"sel_coff_dev[151]",0.338922066897815,0.285437099445572,1.18737917235051,FALSE
"sel_coff_dev[152]",0.342739664564393,0.309644410045677,1.10688148548793,FALSE
"sel_coff_dev[153]",0.353164149776758,0.39162915580209,0.901782067408765,FALSE
"sel_coff_dev[154]",0.354336582075731,0.325179900553516,1.08966323402088,FALSE
"sel_coff_dev[155]",0.351740071254924,0.29410390249863,1.19597213184399,FALSE
"sel_coff_dev[156]",0.27158569476248,0.279454427202344,0.971842520017883,FALSE
"sel_coff_dev[157]",0.408353437722154,0.414045612738262,0.986252299647706,FALSE
"sel_coff_dev[158]",0.393114004222361,0.387467235398963,1.01457353888925,FALSE
"sel_coff_dev[159]",0.353365549785423,0.369309612616174,0.956827381995815,FALSE
"sel_coff_dev[160]",0.33691225768549,0.35567635601363,0.947243897405929,FALSE
"sel_coff_dev[161]",0.326072344269196,0.304663282324836,1.07027122461555,FALSE
"sel_coff_dev[162]",0.338737351168378,0.286044209001864,1.18421328070365,FALSE
"sel_coff_dev[163]",0.342794262438122,0.287991483856859,1.19029305258381,FALSE
"sel_coff_dev[164]",0.355628864492035,0.311214940990967,1.14271141147545,FALSE
"sel_coff_dev[165]",0.364502142934412,0.393060983041271,0.92734247015339,FALSE
"sel_coff_dev[166]",0.368290676679407,0.397465905846606,0.926596901173057,FALSE
"sel_coff_dev[167]",0.3697220748175,0.326364660985721,1.13284959744363,FALSE
"sel_coff_dev[168]",0.278606813396786,0.289242952191672,0.963227664790816,FALSE
"sel_coff_dev[169]",0.408938227245633,0.413166881454132,0.989765263387965,FALSE
"sel_coff_dev[170]",0.380099099953599,0.380363994109423,0.999303577205187,FALSE
"sel_coff_dev[171]",0.355493169851761,0.36435908531006,0.975667093766156,FALSE
"sel_coff_dev[172]",0.336427782879518,0.36391558786385,0.924466535919268,FALSE
"sel_coff_dev[173]",0.332096346800337,0.31436280607953,1.05641106510648,FALSE
"sel_coff_dev[174]",0.32933544603574,0.308368515540235,1.06799309734579,FALSE
"sel_coff_dev[175]",0.340745500222826,0.314937557649128,1.08194622059796,FALSE
"sel_coff_dev[176]",0.345688580807977,0.32530662743979,1.06265459000512,FALSE
"sel_coff_dev[177]",0.355048787665343,0.396504351199645,0.895447393177715,FALSE
"sel_coff_dev[178]",0.359296890332968,0.399858360580037,0.898560404768754,FALSE
"sel_coff_dev[179]",0.356682364701727,0.335744214318488,1.06236339895161,FALSE
"sel_coff_dev[180]",0.27914131108365,0.289916398377276,0.962833812250925,FALSE
"sel_coff_dev[181]",0.401359230884399,0.407264436684083,0.985500315598965,FALSE
"sel_coff_dev[182]",0.371454165532303,0.360800598290162,1.02952757643039,FALSE
"sel_coff_dev[183]",0.332956879640567,0.350342119833747,0.950376391507163,FALSE
"sel_coff_dev[184]",0.32935300175068,0.356623253067591,0.92353204373989,FALSE
"sel_coff_dev[185]",0.328822620035143,0.348934137713895,0.942362997755061,FALSE
"sel_coff_dev[186]",0.32773300885975,0.3288200724675,0.996694047295859,FALSE
"sel_coff_dev[187]",0.329127153123704,0.339828382654005,0.968509900654189,FALSE
"sel_coff_dev[188]",0.343660965830372,0.36732175596988,0.935585655477897,FALSE
"sel_coff_dev[189]",0.356547763348476,0.396379888821412,0.899510225931563,FALSE
"sel_coff_dev[190]",0.362264409479689,0.398953163149319,0.908037441337698,FALSE
"sel_coff_dev[191]",0.357877858613411,0.330265767771151,1.08360567015045,FALSE
"sel_coff_dev[192]",0.274454147929819,0.2887218943214,0.95058308125501,FALSE
"sel_coff_dev[193]",0.409919564864572,0.408405260672322,1.00370784693066,FALSE
"sel_coff_dev[194]",0.349892584704244,0.353473553131046,0.989869204088729,FALSE
"sel_coff_dev[195]",0.336442559389748,0.343406105230367,0.979722125685717,FALSE
"sel_coff_dev[196]",0.339965316833536,0.356140942509434,0.954580830943162,FALSE
"sel_coff_dev[197]",0.324496279326078,0.358245248910211,0.905793671550989,FALSE
"sel_coff_dev[198]",0.326398221294836,0.313558933347548,1.04094696907601,FALSE
"sel_coff_dev[199]",0.328248701772869,0.309681333794181,1.05995636789342,FALSE
"sel_coff_dev[200]",0.336065845235671,0.36648938517001,0.916986572693705,FALSE
"sel_coff_dev[201]",0.355587318205249,0.391503955430568,0.908259835623323,FALSE
"sel_coff_dev[202]",0.348196317557911,0.394232660828395,0.883225445670207,FALSE
"sel_coff_dev[203]",0.355361316409373,0.318709061805525,1.11500223556936,FALSE
"sel_coff_dev[204]",0.272086488068393,0.287479889440012,0.946453988828212,FALSE
"sel_coff_dev[205]",0.421470817405365,0.412246454212431,1.02237584604713,FALSE
"sel_coff_dev[206]",0.366129037925837,0.36991052666613,0.989777288107008,FALSE
"sel_coff_dev[207]",0.328273222029224,0.339332867019596,0.96740768117303,FALSE
"sel_coff_dev[208]",0.332995513854305,0.349061464102248,0.953973864490419,FALSE
"sel_coff_dev[209]",0.337106130534389,0.347096960383743,0.971216026097409,FALSE
"sel_coff_dev[210]",0.328147773158525,0.298858063784526,1.09800541769927,FALSE
"sel_coff_dev[211]",0.333938318154182,0.284291757744312,1.17463242973974,FALSE
"sel_coff_dev[212]",0.346868046396952,0.290309504451936,1.19482153039319,FALSE
"sel_coff_dev[213]",0.356849187706563,0.323775279579217,1.10215081327496,FALSE
"sel_coff_dev[214]",0.353167938154533,0.326423288614957,1.08193241864898,FALSE
"sel_coff_dev[215]",0.360523534492162,0.296348762181939,1.21655151125897,FALSE
"sel_coff_dev[216]",0.280982384936544,0.282297570090946,0.99534113894789,FALSE
"sel_coff_dev[217]",0.426011313414866,0.415425408170323,1.02548208423545,FALSE
"sel_coff_dev[218]",0.376449381991703,0.382271365600244,0.984770024300933,FALSE
"sel_coff_dev[219]",0.348816189684948,0.353639582069401,0.986360711218389,FALSE
"sel_coff_dev[220]",0.334660434056203,0.341150042948767,0.980977259048628,FALSE
"sel_coff_dev[221]",0.32881204481949,0.33511078800899,0.981203997558771,FALSE
"sel_coff_dev[222]",0.323441734574311,0.298408041049877,1.08389081418972,FALSE
"sel_coff_dev[223]",0.325717585311191,0.280908950200042,1.15951302042615,FALSE
"sel_coff_dev[224]",0.332004416047954,0.277962876069846,1.19441999141112,FALSE
"sel_coff_dev[225]",0.349458782456065,0.278429829599739,1.25510539929732,FALSE
"sel_coff_dev[226]",0.354463108361408,0.280960013349116,1.26161407858761,FALSE
"sel_coff_dev[227]",0.354503764504353,0.28366646443976,1.24972038977006,FALSE
"sel_coff_dev[228]",0.275519149649802,0.277841475989806,0.9916415418838,FALSE
"sel_coff_dev[229]",0.403091353133315,0.416499403568411,0.967807755977028,FALSE
"sel_coff_dev[230]",0.391576446313647,0.38927804513895,1.00590426612391,FALSE
"sel_coff_dev[231]",0.376035193024844,0.3644858454522,1.03168668335616,FALSE
"sel_coff_dev[232]",0.34273079972845,0.345584328736474,0.991742886552591,FALSE
"sel_coff_dev[233]",0.326287394884246,0.341275543454782,0.956081972886749,FALSE
"sel_coff_dev[234]",0.320752377113698,0.302390819662873,1.06072127940688,FALSE
"sel_coff_dev[235]",0.327975439561061,0.280642726821927,1.16865825555197,FALSE
"sel_coff_dev[236]",0.333437817104709,0.276999424860576,1.20374913151008,FALSE
"sel_coff_dev[237]",0.341412650967489,0.277533211870776,1.23016862978711,FALSE
"sel_coff_dev[238]",0.357920009029679,0.279669511238169,1.27979631188639,FALSE
"sel_coff_dev[239]",0.357328582669306,0.28197495024793,1.26723520069822,FALSE
"sel_coff_dev[240]",0.285399681327745,0.276039468077659,1.03390896713166,FALSE
"sel_coff_dev[241]",0.436972215467884,0.418470454147713,1.04421282586808,FALSE
"sel_coff_dev[242]",0.391369624583376,0.390579896387706,1.00202193764444,FALSE
"sel_coff_dev[243]",0.365641305663275,0.37031098528654,0.987389843108078,FALSE
"sel_coff_dev[244]",0.344278556796504,0.35106896871941,0.980657897655624,FALSE
"sel_coff_dev[245]",0.312856099806182,0.342313771902565,0.913945407651412,FALSE
"sel_coff_dev[246]",0.303321343803661,0.295914586703061,1.02503005067483,FALSE
"sel_coff_dev[247]",0.310660633841088,0.278964623976643,1.11362017668269,FALSE
"sel_coff_dev[248]",0.322492799758497,0.276415069550538,1.16669760546299,FALSE
"sel_coff_dev[249]",0.335783154580258,0.277189167794647,1.21138627909522,FALSE
"sel_coff_dev[250]",0.342448278584492,0.279266507006327,1.22624185139657,FALSE
"sel_coff_dev[251]",0.351590218264308,0.281437359394362,1.24926633415305,FALSE
"sel_coff_dev[252]",0.277020580944865,0.27535588509696,1.0060456156487,FALSE
"sel_coff_dev[253]",0.416956502314692,0.41899152361191,0.995143049005683,FALSE
"sel_coff_dev[254]",0.387990165691455,0.394934170704295,0.982417310205251,FALSE
"sel_coff_dev[255]",0.358022273156172,0.367872470247295,0.97322388086148,FALSE
"sel_coff_dev[256]",0.344744146690725,0.356440528450335,0.967185600889828,FALSE
"sel_coff_dev[257]",0.336707760163151,0.347282316488339,0.969550547715427,FALSE
"sel_coff_dev[258]",0.32018595988164,0.294721365957812,1.08640226622549,FALSE
"sel_coff_dev[259]",0.310918555957221,0.275416012418529,1.12890515415909,FALSE
"sel_coff_dev[260]",0.318804624390585,0.275105700816585,1.15884412225661,FALSE
"sel_coff_dev[261]",0.333095944635007,0.276505208074707,1.20466426999455,FALSE
"sel_coff_dev[262]",0.345512880487199,0.278827244273833,1.23916470711834,FALSE
"sel_coff_dev[263]",0.353417718602035,0.281048489266574,1.25749730775752,FALSE
"sel_coff_dev[264]",0.280249254136048,0.274929026515331,1.01935127653908,FALSE
"sel_coff_dev[265]",0.418753628017674,0.419663119057756,0.997832806842489,FALSE
"sel_coff_dev[266]",0.39775931123489,0.397189671493413,1.00143417561523,FALSE
"sel_coff_dev[267]",0.36849134338748,0.369071137861216,0.998429044121153,FALSE
"sel_coff_dev[268]",0.338154223532998,0.354330432899732,0.954347106924028,FALSE
"sel_coff_dev[269]",0.33576282002105,0.354934915283085,0.945984194745272,FALSE
"sel_coff_dev[270]",0.31804279241139,0.3317806662631,0.958593506950111,FALSE
"sel_coff_dev[271]",0.298847374308534,0.292920935343011,1.02023221371523,FALSE
"sel_coff_dev[272]",0.301367781329179,0.275186323113759,1.09514084100973,FALSE
"sel_coff_dev[273]",0.325763650773698,0.275961962921011,1.18046576899782,FALSE
"sel_coff_dev[274]",0.339376292591883,0.278222534765744,1.21980159830557,FALSE
"sel_coff_dev[275]",0.345779924591808,0.280552689989567,1.23249548811907,FALSE
"sel_coff_dev[276]",0.280593581366112,0.27449687270211,1.02221048496468,FALSE
"sel_coff_dev[277]",0.416832626272841,0.419821205378437,0.992881305023881,FALSE
"sel_coff_dev[278]",0.391494847539569,0.400823216877344,0.976726973526013,FALSE
"sel_coff_dev[279]",0.365922098452067,0.371302745689967,0.985508732966946,FALSE
"sel_coff_dev[280]",0.358326306234431,0.358116925606246,1.00058467113173,FALSE
"sel_coff_dev[281]",0.336425671589293,0.353745382256378,0.951039048038987,FALSE
"sel_coff_dev[282]",0.318955496252806,0.355588000050384,0.89698048361478,FALSE
"sel_coff_dev[283]",0.312352559282555,0.335239117254944,0.931730645994442,FALSE
"sel_coff_dev[284]",0.30942345445037,0.293175111691268,1.05542197175391,FALSE
"sel_coff_dev[285]",0.313412292895984,0.276339935635926,1.13415490299926,FALSE
"sel_coff_dev[286]",0.326971177817263,0.277501001182707,1.17827026361604,FALSE
"sel_coff_dev[287]",0.343674736717179,0.279935018423786,1.22769469376246,FALSE
"sel_coff_dev[288]",0.282089951260709,0.274139783592077,1.02900041564365,FALSE
"sel_coff_dev[289]",0.42621336261325,0.419779189608283,1.01532751780995,FALSE
"sel_coff_dev[290]",0.398413511015445,0.402547306215624,0.989730908302328,FALSE
"sel_coff_dev[291]",0.362023645386346,0.373701639562677,0.968750487180101,FALSE
"sel_coff_dev[292]",0.348184141506197,0.361057543715674,0.964345289459968,FALSE
"sel_coff_dev[293]",0.32836740682432,0.354118081449412,0.927282237270424,FALSE
"sel_coff_dev[294]",0.319281583360862,0.354116675730941,0.901628206866635,FALSE
"sel_coff_dev[295]",0.31530592674748,0.33661363761931,0.936699799145013,FALSE
"sel_coff_dev[296]",0.312356840451217,0.293487820473617,1.06429234421773,FALSE
"sel_coff_dev[297]",0.307247155299969,0.276926858586126,1.10948846518047,FALSE
"sel_coff_dev[298]",0.311026742823937,0.276057816838058,1.12667247168151,FALSE
"sel_coff_dev[299]",0.337332267267576,0.279874105901493,1.20530002652802,FALSE
"sel_coff_dev[300]",0.284650913913633,0.274010903960133,1.03883060783248,FALSE
"sel_coff_dev[301]",0.441445532064909,0.419565754431677,1.05214862605474,FALSE
"sel_coff_dev[302]",0.403432733669161,0.40211527356039,1.00327632446563,FALSE
"sel_coff_dev[303]",0.378631922581573,0.382099712610727,0.990924384618193,FALSE
"sel_coff_dev[304]",0.350167037967465,0.36582223656459,0.957205448350702,FALSE
"sel_coff_dev[305]",0.33715993330719,0.354222753874265,0.951830252629304,FALSE
"sel_coff_dev[306]",0.325752705406467,0.352936221186609,0.922978957249703,FALSE
"sel_coff_dev[307]",0.304443664957416,0.297712679048856,1.02260899982515,FALSE
"sel_coff_dev[308]",0.297003575599697,0.277108597855349,1.07179487716485,FALSE
"sel_coff_dev[309]",0.305431807270059,0.275107875479813,1.11022560418293,FALSE
"sel_coff_dev[310]",0.314511694724823,0.275952918294,1.1397295475953,FALSE
"sel_coff_dev[311]",0.317143653587976,0.278426249164975,1.13905802538057,FALSE
"sel_coff_dev[312]",0.281711938643407,0.273393093856837,1.03042814530979,FALSE
"sel_coff_dev[313]",0.404691556625065,0.419247507457942,0.965280769536031,FALSE
"sel_coff_dev[314]",0.396491268260503,0.399847961567154,0.991605075855595,FALSE
"sel_coff_dev[315]",0.379941024924744,0.382694174762013,0.992805874719726,FALSE
"sel_coff_dev[316]",0.363002457219492,0.370414925597304,0.979988742716401,FALSE
"sel_coff_dev[317]",0.335992269534266,0.352823237635676,0.95229631638155,FALSE
"sel_coff_dev[318]",0.320500446881835,0.349108772810465,0.918053259738157,FALSE
"sel_coff_dev[319]",0.304461850828265,0.327236141531898,0.930404109408519,FALSE
"sel_coff_dev[320]",0.294072936676368,0.28947688491885,1.01587709415488,FALSE
"sel_coff_dev[321]",0.287849232658255,0.280378168925912,1.0266463817813,FALSE
"sel_coff_dev[322]",0.306037599093868,0.292486032176687,1.04633235582681,FALSE
"sel_coff_dev[323]",0.315398195068785,0.297722164444364,1.05937089251453,FALSE
"sel_coff_dev[324]",0.271071274802388,0.271763202831562,0.997453930399832,FALSE
"sel_coff_dev[325]",0.429725745083498,0.418119071866382,1.02775925327995,FALSE
"sel_coff_dev[326]",0.392099324107968,0.391618231898578,1.00122847245149,FALSE
"sel_coff_dev[327]",0.369974295428442,0.374889428187069,0.986889113458344,FALSE
"sel_coff_dev[328]",0.341152822418692,0.358250859665562,0.952273562545442,FALSE
"sel_coff_dev[329]",0.331587213310973,0.348500748681843,0.951467721562025,FALSE
"sel_coff_dev[330]",0.296028931263321,0.323100034039344,0.916214484914827,FALSE
"sel_coff_dev[331]",0.29389896745189,0.323403025394159,0.908770000199258,FALSE
"sel_coff_dev[332]",0.288333222389577,0.292443542503716,0.985944910669086,FALSE
"sel_coff_dev[333]",0.279760255634173,0.277409886648657,1.00847254946069,FALSE
"sel_coff_dev[334]",0.299132029569371,0.295900701744637,1.01092031146152,FALSE
"sel_coff_dev[335]",0.30960106550547,0.298501609240739,1.03718390762771,FALSE
"sel_coff_dev[336]",0.269022957913002,0.264980108888066,1.01525717927244,FALSE
"sel_coff_dev[337]",0.409384209574108,0.415295262501258,0.985766625673625,FALSE
"sel_coff_dev[338]",0.338183847628752,0.334396470811949,1.01132600714238,FALSE
"sel_coff_dev[339]",0.300675322398478,0.306299968061189,0.981636806238295,FALSE
"sel_coff_dev[340]",0.314673416620839,0.31571958779295,0.996686391302409,FALSE
"sel_coff_dev[341]",0.313598623608552,0.317978592994558,0.986225584103767,FALSE
"sel_coff_dev[342]",0.309062282783867,0.312559450734075,0.988811191144615,FALSE
"sel_coff_dev[343]",0.273084032386608,0.292519062903274,0.933559781288194,FALSE
"sel_coff_dev[344]",0.275142800213114,0.287059216634758,0.958487950460736,FALSE
"sel_coff_dev[345]",0.282524821170399,0.280183659733593,1.00835581003915,FALSE
"sel_coff_dev[346]",0.294040386981981,0.287792424916117,1.02170996011339,FALSE
"sel_coff_dev[347]",0.298913293224757,0.288217249838596,1.03711104519993,FALSE
"sel_coff_dev[348]",0.267601965293785,0.260696712819812,1.02648768524652,FALSE
"sel_coff_dev[349]",0.405410584861757,0.414686114658148,0.977632408058713,FALSE
"sel_coff_dev[350]",0.351282588078573,0.35212565257202,0.997605785073344,FALSE
"sel_coff_dev[351]",0.270798884142074,0.273606993806195,0.989736703638102,FALSE
"sel_coff_dev[352]",0.282890583539615,0.28004622385998,1.0101567506979,FALSE
"sel_coff_dev[353]",0.296795970394035,0.305967716296316,0.970023811618743,FALSE
"sel_coff_dev[354]",0.312275693567997,0.323851009180792,0.964257281019209,FALSE
"sel_coff_dev[355]",0.297191198852201,0.32374151153307,0.917989161923844,FALSE
"sel_coff_dev[356]",0.272288296511189,0.290413620175375,0.937587900824897,FALSE
"sel_coff_dev[357]",0.274803890010283,0.280492656872491,0.97971866028281,FALSE
"sel_coff_dev[358]",0.283272740955223,0.279119684357031,1.01487912473016,FALSE
"sel_coff_dev[359]",0.301056070088983,0.301193388093758,0.999544086921549,FALSE
"sel_coff_dev[360]",0.267612409333229,0.273825140294264,0.977311320084205,FALSE
"sel_coff_dev[361]",0.424419465013634,0.416609984645649,1.01874530293513,FALSE
"sel_coff_dev[362]",0.35305453136048,0.358111741646936,0.985878122110161,FALSE
"sel_coff_dev[363]",0.307166082804934,0.308711795097084,0.994993024831903,FALSE
"sel_coff_dev[364]",0.271295516318572,0.265576573617225,1.02153406312708,FALSE
"sel_coff_dev[365]",0.270247143362698,0.265234238712086,1.01889991531619,FALSE
"sel_coff_dev[366]",0.303319877698912,0.306785029149584,0.988704952584297,FALSE
"sel_coff_dev[367]",0.30441299125464,0.31546857879235,0.964955027914247,FALSE
"sel_coff_dev[368]",0.292181478687283,0.283065850166577,1.03220320824763,FALSE
"sel_coff_dev[369]",0.286636199294224,0.269008523388268,1.06552831740767,FALSE
"sel_coff_dev[370]",0.292198545440773,0.272741106628448,1.07134032362357,FALSE
"sel_coff_dev[371]",0.312638994045017,0.287045900292393,1.08916028316919,FALSE
"sel_coff_dev[372]",0.275149489499207,0.27823395823,0.988914118354156,FALSE
"sel_coff_dev[373]",0.414810116412703,0.416953360030455,0.994859752137275,FALSE
"sel_coff_dev[374]",0.372373284928098,0.367911956991107,1.01212607487258,FALSE
"sel_coff_dev[375]",0.325332662664836,0.322142640110978,1.00990251570782,FALSE
"sel_coff_dev[376]",0.301049810079634,0.292302239446512,1.02992645779822,FALSE
"sel_coff_dev[377]",0.269787607024231,0.266264715922349,1.01323078459599,FALSE
"sel_coff_dev[378]",0.268463836263528,0.266174512759035,1.00860083664947,FALSE
"sel_coff_dev[379]",0.285899719697898,0.278204363800149,1.02766080227008,FALSE
"sel_coff_dev[380]",0.300934349795042,0.270763670962771,1.11142809050044,FALSE
"sel_coff_dev[381]",0.295040951293269,0.271403123604376,1.08709489918528,FALSE
"sel_coff_dev[382]",0.298427078685773,0.272449549784179,1.09534803387332,FALSE
"sel_coff_dev[383]",0.309831264199914,0.274779583753419,1.12756289957099,FALSE
"sel_coff_dev[384]",0.28101274994436,0.268149062107455,1.04797215300999,FALSE
"sel_coff_dev[385]",0.401171973439484,0.417311858940985,0.961324162839612,FALSE
"sel_coff_dev[386]",0.367392051569128,0.37220573804986,0.987067135219482,FALSE
"sel_coff_dev[387]",0.33589328295253,0.334879700418488,1.00302670640464,FALSE
"sel_coff_dev[388]",0.304337935170374,0.305473506312729,0.996282587134765,FALSE
"sel_coff_dev[389]",0.282217047867064,0.286655260091048,0.984517248270363,FALSE
"sel_coff_dev[390]",0.269160890845114,0.267428229866709,1.00647897560878,FALSE
"sel_coff_dev[391]",0.260532000632046,0.258492015220838,1.00789187012011,FALSE
"sel_coff_dev[392]",0.275628769567474,0.26391800761904,1.044372727932,FALSE
"sel_coff_dev[393]",0.280532697406073,0.270164098604803,1.03837889214302,FALSE
"sel_coff_dev[394]",0.296330284713067,0.27371400551745,1.08262740941174,FALSE
"sel_coff_dev[395]",0.303611036418792,0.275240827492475,1.10307413033444,FALSE
"sel_coff_dev[396]",0.280720090402635,0.267796145170858,1.04826038561358,FALSE
"sel_coff_dev[397]",0.410152259752999,0.417683953397204,0.981967960265301,FALSE
"sel_coff_dev[398]",0.364083780597228,0.362264158698574,1.00502291450855,FALSE
"sel_coff_dev[399]",0.338873150639847,0.340292019362156,0.995830437854617,FALSE
"sel_coff_dev[400]",0.311284835866803,0.305939607432155,1.01747151498138,FALSE
"sel_coff_dev[401]",0.280508902595631,0.28061906616742,0.999607426632502,FALSE
"sel_coff_dev[402]",0.281481061475366,0.275097663932958,1.0232041139541,FALSE
"sel_coff_dev[403]",0.277259605020462,0.269290859855583,1.0295915916684,FALSE
"sel_coff_dev[404]",0.269614263983207,0.273441262188105,0.98600431341534,FALSE
"sel_coff_dev[405]",0.286455426990822,0.278650355086882,1.02801027079799,FALSE
"sel_coff_dev[406]",0.288626969812956,0.274620082693488,1.05100459872449,FALSE
"sel_coff_dev[407]",0.29717275410813,0.275736815563812,1.07774057483215,FALSE
"sel_coff_dev[408]",0.273358894691248,0.267098634353991,1.02343800952932,FALSE
"sel_coff_dev[409]",0.417433962821756,0.418288563099336,0.997956912158325,FALSE
"sel_coff_dev[410]",0.327180458442093,0.334385796937211,0.978452019908993,FALSE
"sel_coff_dev[411]",0.316891184500488,0.321373418863926,0.986052877741778,FALSE
"sel_coff_dev[412]",0.307976163103299,0.3061276192871,1.0060384744784,FALSE
"sel_coff_dev[413]",0.268550056897049,0.273876778798386,0.980550662510681,FALSE
"sel_coff_dev[414]",0.257286424265925,0.258322716056252,0.995988383034418,FALSE
"sel_coff_dev[415]",0.266509475635348,0.270379077850907,0.985688233548557,FALSE
"sel_coff_dev[416]",0.272785365487737,0.288736032729933,0.944756921775967,FALSE
"sel_coff_dev[417]",0.280346109025318,0.281074334807271,0.99740913455349,FALSE
"sel_coff_dev[418]",0.286067879460714,0.273808404709369,1.04477391687212,FALSE
"sel_coff_dev[419]",0.297646992459164,0.275773669089969,1.07931621405834,FALSE
"sel_coff_dev[420]",0.274989450892451,0.268845094665342,1.02285463394732,FALSE
"sel_coff_dev[421]",0.427118025871037,0.418614523721619,1.02031344272009,FALSE
"sel_coff_dev[422]",0.347787520695055,0.35097605679549,0.990915231854994,FALSE
"sel_coff_dev[423]",0.27415869171592,0.282229450569708,0.971403555378449,FALSE
"sel_coff_dev[424]",0.283186492257399,0.290619570990542,0.974423337327874,FALSE
"sel_coff_dev[425]",0.279085656048907,0.286104753017449,0.97546668870575,FALSE
"sel_coff_dev[426]",0.254017701023953,0.261405411706317,0.971738493728415,FALSE
"sel_coff_dev[427]",0.252468609277983,0.252619842938604,0.999401338949224,FALSE
"sel_coff_dev[428]",0.270456395302439,0.274529177314484,0.985164483965286,FALSE
"sel_coff_dev[429]",0.270730615336419,0.26703974988796,1.0138214084233,FALSE
"sel_coff_dev[430]",0.288607241755345,0.269130705116212,1.0723683186975,FALSE
"sel_coff_dev[431]",0.313195284831853,0.292277241481431,1.07156918289086,FALSE
"sel_coff_dev[432]",0.279858989072677,0.284115723878554,0.985017602166587,FALSE
"sel_coff_dev[433]",0.415249971920947,0.418509684469904,0.992211141892486,FALSE
"sel_coff_dev[434]",0.352176870285495,0.362272721787615,0.972131902583496,FALSE
"sel_coff_dev[435]",0.285302345094387,0.279728250447025,1.01992682054263,FALSE
"sel_coff_dev[436]",0.250833752552166,0.256633412770118,0.977400993287075,FALSE
"sel_coff_dev[437]",0.262186869666402,0.272512647183341,0.962108997055128,FALSE
"sel_coff_dev[438]",0.271497693116301,0.28000662030186,0.969611692836456,FALSE
"sel_coff_dev[439]",0.266090004619461,0.26044973965014,1.0216558671815,FALSE
"sel_coff_dev[440]",0.249550585890251,0.248105956157811,1.00582263221251,FALSE
"sel_coff_dev[441]",0.270690936110003,0.255805081596557,1.05819217671729,FALSE
"sel_coff_dev[442]",0.280516226024869,0.264736457430054,1.05960557434362,FALSE
"sel_coff_dev[443]",0.305979778358722,0.288163873548689,1.06182560149068,FALSE
"sel_coff_dev[444]",0.284831300636049,0.285873014502088,0.996356025881444,FALSE
"sel_coff_dev[445]",0.41274309263017,0.418153889657793,0.98706027335522,FALSE
"sel_coff_dev[446]",0.362815170136501,0.363836985041192,0.997191558454192,FALSE
"sel_coff_dev[447]",0.302589209994526,0.310663224701154,0.974010394328476,FALSE
"sel_coff_dev[448]",0.271268907025208,0.270748322396385,1.00192276215866,FALSE
"sel_coff_dev[449]",0.250421535872928,0.253659548551334,0.987234808636622,FALSE
"sel_coff_dev[450]",0.261538315726677,0.269935155767319,0.9688931216952,FALSE
"sel_coff_dev[451]",0.268400566768698,0.265052180909348,1.01263293079824,FALSE
"sel_coff_dev[452]",0.255396457027074,0.251336214486007,1.01615462598325,FALSE
"sel_coff_dev[453]",0.256286535775248,0.253195029393024,1.01220998054201,FALSE
"sel_coff_dev[454]",0.28307038831363,0.262551878153646,1.07815030806208,FALSE
"sel_coff_dev[455]",0.297929600085246,0.269719207945285,1.10459170614828,FALSE
"sel_coff_dev[456]",0.275319818907135,0.270065189425418,1.01945689295572,FALSE
"sel_coff_dev[457]",0.409276794898119,0.418392753686234,0.978211958243066,FALSE
"sel_coff_dev[458]",0.365185482891708,0.355916358313199,1.02604298555548,FALSE
"sel_coff_dev[459]",0.311376184665515,0.30685362998003,1.0147384754281,FALSE
"sel_coff_dev[460]",0.280622750254323,0.277294898481085,1.01200112873142,FALSE
"sel_coff_dev[461]",0.256156833476855,0.255793267053899,1.00142132913483,FALSE
"sel_coff_dev[462]",0.245321272272588,0.245088612448677,1.00094928859234,FALSE
"sel_coff_dev[463]",0.257585551214286,0.249536243469211,1.03225706868537,FALSE
"sel_coff_dev[464]",0.259038588284927,0.254662939963157,1.01718211657496,FALSE
"sel_coff_dev[465]",0.263189206808657,0.253777796072941,1.03708524103114,FALSE
"sel_coff_dev[466]",0.271505973135145,0.257618973482426,1.05390518976533,FALSE
"sel_coff_dev[467]",0.296966288418984,0.267208246505171,1.11136648027529,FALSE
"sel_coff_dev[468]",0.277784438209461,0.265607840631029,1.04584427006937,FALSE
"sel_coff_dev[469]",0.420360201583508,0.41868581416321,1.00399915011127,FALSE
"sel_coff_dev[470]",0.349380943639854,0.356702242320958,0.979475041610428,FALSE
"sel_coff_dev[471]",0.268545824932553,0.272719623879947,0.984695641303645,FALSE
"sel_coff_dev[472]",0.262134431823688,0.262744413297736,0.9976784226679,FALSE
"sel_coff_dev[473]",0.256159460448062,0.258127536333179,0.992375567856595,FALSE
"sel_coff_dev[474]",0.252843718232465,0.25155564614212,1.00512042607709,FALSE
"sel_coff_dev[475]",0.252642649970238,0.246274980189927,1.02585593459555,FALSE
"sel_coff_dev[476]",0.263214514466942,0.252990438038162,1.04041289666149,FALSE
"sel_coff_dev[477]",0.271652692101448,0.258944890737611,1.04907531223203,FALSE
"sel_coff_dev[478]",0.277056120666787,0.259349644125543,1.06827260781847,FALSE
"sel_coff_dev[479]",0.278281298103599,0.264344330753658,1.0527227775614,FALSE
"sel_coff_dev[480]",0.27484738393164,0.264070720430741,1.04080976294275,FALSE
"sel_coff_dev[481]",0.425779364386706,0.418961830133409,1.01627244718481,FALSE
"sel_coff_dev[482]",0.368272966412232,0.376909155501098,0.977086815316588,FALSE
"sel_coff_dev[483]",0.284382302298473,0.28373258980084,1.00228987617563,FALSE
"sel_coff_dev[484]",0.254163017026658,0.253740553327903,1.00166494355441,FALSE
"sel_coff_dev[485]",0.256969043870325,0.25679412882002,1.00068114894647,FALSE
"sel_coff_dev[486]",0.260743548268348,0.267009348055084,0.976533406667684,FALSE
"sel_coff_dev[487]",0.263545386697144,0.2567190127389,1.02659083908673,FALSE
"sel_coff_dev[488]",0.255651628054929,0.25286596131168,1.01101637693266,FALSE
"sel_coff_dev[489]",0.269867128858064,0.261978266693267,1.03011265882614,FALSE
"sel_coff_dev[490]",0.27637254764116,0.267243085531314,1.03416164011015,FALSE
"sel_coff_dev[491]",0.281221776578672,0.268246681676652,1.04837001084569,FALSE
"sel_coff_dev[492]",0.267238800541549,0.264014689946873,1.01221186061777,FALSE
"sel_coff_dev[493]",0.415913645773083,0.418997470120061,0.992639992919065,FALSE
"sel_coff_dev[494]",0.385611133106188,0.387549725955426,0.994997821648669,FALSE
"sel_coff_dev[495]",0.31073525995627,0.30789728161007,1.00921728938742,FALSE
"sel_coff_dev[496]",0.252417669897036,0.252330385463182,1.0003459132902,FALSE
"sel_coff_dev[497]",0.256838725335278,0.249679549169441,1.02867345839758,FALSE
"sel_coff_dev[498]",0.261434063415799,0.259795609668536,1.00630670298607,FALSE
"sel_coff_dev[499]",0.270140431245387,0.257583945601864,1.04874715935492,FALSE
"sel_coff_dev[500]",0.259569852295899,0.255665614518712,1.01527087553223,FALSE
"sel_coff_dev[501]",0.267562177202147,0.260722764899486,1.02623250909945,FALSE
"sel_coff_dev[502]",0.275183989488206,0.268580566200098,1.02458637786618,FALSE
"sel_coff_dev[503]",0.285373271734418,0.272335638177378,1.04787340226309,FALSE
"sel_coff_dev[504]",0.26968852787532,0.263404490587506,1.02385698616526,FALSE
"sel_coff_dev[505]",0.41874107338458,0.418918778115798,0.999575801466774,FALSE
"sel_coff_dev[506]",0.39455816309144,0.389625064343818,1.01266114323505,FALSE
"sel_coff_dev[507]",0.311404038826794,0.313772760569054,0.992450836911515,FALSE
"sel_coff_dev[508]",0.260577397958485,0.258505276056149,1.00801578185927,FALSE
"sel_coff_dev[509]",0.25055801705181,0.244131172403375,1.02632537494154,FALSE
"sel_coff_dev[510]",0.243126464670871,0.243186529866518,0.999753007719299,FALSE
"sel_coff_dev[511]",0.254843572136384,0.247902948091462,1.02799734371195,FALSE
"sel_coff_dev[512]",0.263101415664392,0.255921350345885,1.02805574958402,FALSE
"sel_coff_dev[513]",0.272560396341269,0.260484010218399,1.04636133370622,FALSE
"sel_coff_dev[514]",0.287052065874419,0.266360494075576,1.07768258528974,FALSE
"sel_coff_dev[515]",0.291833305937641,0.272320894153548,1.07165227569021,FALSE
"sel_coff_dev[516]",0.273660425426755,0.263827000835634,1.03727224491798,FALSE
"sel_coff_dev[517]",0.436826885576811,0.418556215208434,1.04365165228589,FALSE
"sel_coff_dev[518]",0.380742233330781,0.386341900947711,0.985505927254605,FALSE
"sel_coff_dev[519]",0.331860027011854,0.315667175519532,1.05129722932285,FALSE
"sel_coff_dev[520]",0.276319746654558,0.270192600367605,1.02267695813511,FALSE
"sel_coff_dev[521]",0.248823866293658,0.246832023640061,1.00806962817961,FALSE
"sel_coff_dev[522]",0.246779444529572,0.24060699769143,1.02565364639169,FALSE
"sel_coff_dev[523]",0.245523589033063,0.243237345934545,1.0093992272845,FALSE
"sel_coff_dev[524]",0.2583165521408,0.251299652438014,1.02792244093739,FALSE
"sel_coff_dev[525]",0.273584097623455,0.25989433090168,1.0526743568214,FALSE
"sel_coff_dev[526]",0.283960017720218,0.265024555134802,1.07144795536317,FALSE
"sel_coff_dev[527]",0.290976678573688,0.269905397757518,1.07806913456062,FALSE
"sel_coff_dev[528]",0.2725239712969,0.263085016849309,1.03587796279937,FALSE
"sel_coff_dev[529]",0.416527589953716,0.417626229028323,0.997369324534133,FALSE
"sel_coff_dev[530]",0.368256505850226,0.362440335355008,1.01604724951356,FALSE
"sel_coff_dev[531]",0.3002594997648,0.304698641394028,0.985431042262221,FALSE
"sel_coff_dev[532]",0.276053272797805,0.280636748101611,0.98366758689013,FALSE
"sel_coff_dev[533]",0.25922478773228,0.257235717770119,1.00773247968596,FALSE
"sel_coff_dev[534]",0.239280321644696,0.240498492715292,0.994934807878245,FALSE
"sel_coff_dev[535]",0.246965066710514,0.240541682892847,1.02670382837776,FALSE
"sel_coff_dev[536]",0.24765346240467,0.245965505857389,1.00686257425161,FALSE
"sel_coff_dev[537]",0.262614265515023,0.255536091880663,1.02769931081855,FALSE
"sel_coff_dev[538]",0.272613320147212,0.275160683918587,0.990742268353539,FALSE
"sel_coff_dev[539]",0.288917409478844,0.283049523225976,1.02073095261208,FALSE
"sel_coff_dev[540]",0.265202266950099,0.261871087413995,1.01272068470406,FALSE
"sel_coff_dev[541]",0.416693167187498,0.41633238229702,1.00086657897828,FALSE
"sel_coff_dev[542]",0.355146959523261,0.35054163018573,1.01313775295417,FALSE
"sel_coff_dev[543]",0.28119880625765,0.27504380178885,1.02237827003833,FALSE
"sel_coff_dev[544]",0.272325291805205,0.270900393734145,1.00525985972711,FALSE
"sel_coff_dev[545]",0.275064701656075,0.274390824333997,1.00245590326759,FALSE
"sel_coff_dev[546]",0.254587495839079,0.261109084596617,0.975023508785177,FALSE
"sel_coff_dev[547]",0.250362881831944,0.24847111462728,1.00761363029059,FALSE
"sel_coff_dev[548]",0.259236888076706,0.247257857941148,1.04844752047641,FALSE
"sel_coff_dev[549]",0.268892816538062,0.261107853090892,1.02981512564641,FALSE
"sel_coff_dev[550]",0.278028582466005,0.298772188180853,0.93057049305308,FALSE
"sel_coff_dev[551]",0.29556106616896,0.292680866508314,1.00984075144715,FALSE
"sel_coff_dev[552]",0.276189949818406,0.26324313194103,1.04918197782374,FALSE
"sel_coff_dev[553]",0.416724206482156,0.415351563762382,1.00330477320788,FALSE
"sel_coff_dev[554]",0.357121642801132,0.34776660790832,1.02690032533336,FALSE
"sel_coff_dev[555]",0.282932757366861,0.285441414379067,0.991211306818728,FALSE
"sel_coff_dev[556]",0.247344973731858,0.248776426640218,0.994246026732951,FALSE
"sel_coff_dev[557]",0.268543223530453,0.270233178785348,0.993746307309521,FALSE
"sel_coff_dev[558]",0.274649518620903,0.285190817839649,0.963037732776263,FALSE
"sel_coff_dev[559]",0.270092050118125,0.286488666458697,0.942766963373276,FALSE
"sel_coff_dev[560]",0.265531747892517,0.260387515716143,1.01975606304406,FALSE
"sel_coff_dev[561]",0.267582425285981,0.262247335585111,1.02034373271692,FALSE
"sel_coff_dev[562]",0.28107686956153,0.29373699805434,0.956899782537889,FALSE
"sel_coff_dev[563]",0.291191658916178,0.298896834282676,0.974221288141142,FALSE
"sel_coff_dev[564]",0.262135039455958,0.275296623321727,0.952191262984047,FALSE
"sel_coff_dev[565]",0.43289005174389,0.41582504953916,1.04103889898803,FALSE
"sel_coff_dev[566]",0.335514344902626,0.341372655835763,0.982838956685636,FALSE
"sel_coff_dev[567]",0.276615047333909,0.283700906041303,0.97502348932801,FALSE
"sel_coff_dev[568]",0.252025638194001,0.254995887556526,0.988351775430628,FALSE
"sel_coff_dev[569]",0.242958104942433,0.246928329479848,0.983921551059863,FALSE
"sel_coff_dev[570]",0.268130413817392,0.272497157455889,0.983975085541199,FALSE
"sel_coff_dev[571]",0.278360447950232,0.284109673417173,0.979764062948679,FALSE
"sel_coff_dev[572]",0.274862158590159,0.267547784699595,1.02733857018766,FALSE
"sel_coff_dev[573]",0.27144386106714,0.271100514607644,1.0012664913602,FALSE
"sel_coff_dev[574]",0.271751087618739,0.273125631314994,0.994967357367242,FALSE
"sel_coff_dev[575]",0.287783724779655,0.281149183332306,1.02359793960172,FALSE
"sel_coff_dev[576]",0.268620958322509,0.27661374913984,0.971104867917137,FALSE
"sel_coff_dev[577]",0.427281552619871,0.416141296303615,1.02677036962015,FALSE
"sel_coff_dev[578]",0.358484901436231,0.361275873056355,0.9922746802976,FALSE
"sel_coff_dev[579]",0.273859566818301,0.272126762718826,1.00636763573771,FALSE
"sel_coff_dev[580]",0.25573456557203,0.255615336041431,1.0004664412255,FALSE
"sel_coff_dev[581]",0.253132558764091,0.255357273425407,0.991287835151617,FALSE
"sel_coff_dev[582]",0.249400473813228,0.247867635415875,1.00618410061798,FALSE
"sel_coff_dev[583]",0.267899654596362,0.256671980472187,1.04374327927622,FALSE
"sel_coff_dev[584]",0.273862228501675,0.266740465409354,1.0266992227122,FALSE
"sel_coff_dev[585]",0.288412816554069,0.27775123904652,1.03838534634138,FALSE
"sel_coff_dev[586]",0.295725016544916,0.296514677745032,0.997336856286099,FALSE
"sel_coff_dev[587]",0.306664392904234,0.330337000394269,0.928338007968284,FALSE
"sel_coff_dev[588]",0.269170500489019,0.282408352447483,0.95312514008974,FALSE
"sel_coff_dev[589]",0.416488685719693,0.416290826786466,1.00047529015894,FALSE
"sel_coff_dev[590]",0.361918237904741,0.366832493304792,0.986603543879719,FALSE
"sel_coff_dev[591]",0.291632400803043,0.29087098228453,1.00261771907439,FALSE
"sel_coff_dev[592]",0.245753302556402,0.247851131969462,0.991535929667177,FALSE
"sel_coff_dev[593]",0.253121209366086,0.255942264912004,0.988977765954801,FALSE
"sel_coff_dev[594]",0.260142425510841,0.257719939967545,1.00939968224267,FALSE
"sel_coff_dev[595]",0.265476416705217,0.266088842398327,0.9976984164853,FALSE
"sel_coff_dev[596]",0.278953231499417,0.290292591780049,0.960938168586734,FALSE
"sel_coff_dev[597]",0.294138149617279,0.288504894516525,1.01952568295313,FALSE
"sel_coff_dev[598]",0.303761717582668,0.29310627819422,1.03635350103756,FALSE
"sel_coff_dev[599]",0.310610039558662,0.340709168371145,0.911657414573315,FALSE
"sel_coff_dev[600]",0.27387967210899,0.287621755081811,0.952221684451816,FALSE
"sel_coff_dev[601]",0.423136614269379,0.415659395333571,1.01798881252235,FALSE
"sel_coff_dev[602]",0.362787895694601,0.357348293493476,1.01522213006237,FALSE
"sel_coff_dev[603]",0.298008616483681,0.302261317344289,0.985930383358437,FALSE
"sel_coff_dev[604]",0.260318522584074,0.262186812678838,0.992874202650868,FALSE
"sel_coff_dev[605]",0.244965864471093,0.247741836840323,0.988794898735576,FALSE
"sel_coff_dev[606]",0.251462626795473,0.25522944787643,0.985241432317872,FALSE
"sel_coff_dev[607]",0.262731268358052,0.265962328023482,0.987851438625004,FALSE
"sel_coff_dev[608]",0.282757578600478,0.292227425163191,0.967594257939943,FALSE
"sel_coff_dev[609]",0.298951416540675,0.325882545970148,0.917359399076441,FALSE
"sel_coff_dev[610]",0.316620875622268,0.308751202185313,1.02548872160256,FALSE
"sel_coff_dev[611]",0.319835827409017,0.319376853301624,1.00143709258404,FALSE
"sel_coff_dev[612]",0.274391553426577,0.291697385677997,0.940671966561525,FALSE
"sel_coff_dev[613]",0.415048993984205,0.417349070757987,0.99448884175157,FALSE
"sel_coff_dev[614]",0.341827418912548,0.340249719373876,1.00463688711213,FALSE
"sel_coff_dev[615]",0.28074001572208,0.282562293681365,0.993550880637529,FALSE
"sel_coff_dev[616]",0.263730466653249,0.265457155775824,0.993495413157994,FALSE
"sel_coff_dev[617]",0.25322974497256,0.256180404819663,0.988482101708052,FALSE
"sel_coff_dev[618]",0.245123007666349,0.247810121456606,0.989156561586497,FALSE
"sel_coff_dev[619]",0.252909069196209,0.250828210305205,1.00829595239097,FALSE
"sel_coff_dev[620]",0.269451613923766,0.264932487089756,1.01705765451286,FALSE
"sel_coff_dev[621]",0.288370680022483,0.318918047277641,0.904215620546038,FALSE
"sel_coff_dev[622]",0.320368217334071,0.34956366980165,0.9164803010446,FALSE
"sel_coff_dev[623]",0.337492027108547,0.368231675021445,0.916520902469599,FALSE
"sel_coff_dev[624]",0.280198581542756,0.292766453610458,0.957072021357939,FALSE
"sel_coff_dev[625]",0.42289402919655,0.418750299571271,1.00989546665285,FALSE
"sel_coff_dev[626]",0.376223447527121,0.367936054932223,1.0225240024287,FALSE
"sel_coff_dev[627]",0.267025502469201,0.265394645765514,1.00614502488919,FALSE
"sel_coff_dev[628]",0.253525384727134,0.249816866730263,1.01484494640178,FALSE
"sel_coff_dev[629]",0.257774658805628,0.259321982975052,0.994033193207639,FALSE
"sel_coff_dev[630]",0.256583051404093,0.262218510559583,0.978508537999612,FALSE
"sel_coff_dev[631]",0.249431575919439,0.259331917330189,0.961823667859037,FALSE
"sel_coff_dev[632]",0.264459994836116,0.25645577634166,1.03121091132606,FALSE
"sel_coff_dev[633]",0.283346058682503,0.278574408305311,1.01712881813595,FALSE
"sel_coff_dev[634]",0.315453168224983,0.338693223051108,0.931383171423485,FALSE
"sel_coff_dev[635]",0.3343272551289,0.372630454698129,0.897208617582643,FALSE
"sel_coff_dev[636]",0.282534268561361,0.295837910055311,0.955030639949211,FALSE
"sel_coff_dev[637]",0.421234834928107,0.418376359015463,1.00683230744531,FALSE
"sel_coff_dev[638]",0.374902688139941,0.383163301904059,0.978441010078293,FALSE
"sel_coff_dev[639]",0.301757119589952,0.312193823001986,0.966569795290383,FALSE
"sel_coff_dev[640]",0.245545522750526,0.243068022172854,1.01019262244175,FALSE
"sel_coff_dev[641]",0.246097826042372,0.249852394252116,0.984972854788996,FALSE
"sel_coff_dev[642]",0.260200410898352,0.262056120140966,0.992918657112012,FALSE
"sel_coff_dev[643]",0.260720659652232,0.269202033582182,0.968494391304958,FALSE
"sel_coff_dev[644]",0.264355463756547,0.273485949769749,0.966614423809017,FALSE
"sel_coff_dev[645]",0.278090680619128,0.26937447043844,1.03235722437431,FALSE
"sel_coff_dev[646]",0.298101721443924,0.288580949956067,1.03299168392545,FALSE
"sel_coff_dev[647]",0.323392092761504,0.303826152226136,1.06439847390361,FALSE
"sel_coff_dev[648]",0.277808335104333,0.279966174927647,0.992292498106705,FALSE
"sel_coff_dev[649]",0.408149568702207,0.418125665717826,0.976140912090407,FALSE
"sel_coff_dev[650]",0.38330451604235,0.384554580685923,0.996749318025694,FALSE
"sel_coff_dev[651]",0.348580792112916,0.346641283363494,1.00559514645977,FALSE
"sel_coff_dev[652]",0.263816778610142,0.268810475051589,0.981422984202945,FALSE
"sel_coff_dev[653]",0.236081731494136,0.24206142446169,0.975296795097148,FALSE
"sel_coff_dev[654]",0.247162364780339,0.248886933294415,0.99307087563317,FALSE
"sel_coff_dev[655]",0.258385416143575,0.260931414071141,0.990242654620068,FALSE
"sel_coff_dev[656]",0.262866599183479,0.274132026996372,0.95890510154422,FALSE
"sel_coff_dev[657]",0.267710617717961,0.266018755018395,1.00635993766473,FALSE
"sel_coff_dev[658]",0.293041449278813,0.267256257295986,1.09648115349558,FALSE
"sel_coff_dev[659]",0.320866475918077,0.275922478680661,1.16288632028937,FALSE
"sel_coff_dev[660]",0.295893668091241,0.274074083824225,1.07961199381774,FALSE
"sel_coff_dev[661]",0.420265675711369,0.417760652910251,1.00599631100647,FALSE
"sel_coff_dev[662]",0.375941314425453,0.376398188277428,0.99878619540103,FALSE
"sel_coff_dev[663]",0.356225825186946,0.350932645601895,1.01508317807245,FALSE
"sel_coff_dev[664]",0.304496260366083,0.306142591524291,0.994622338727812,FALSE
"sel_coff_dev[665]",0.256810591137927,0.254096337558981,1.01068198623019,FALSE
"sel_coff_dev[666]",0.245356679402981,0.244817641626196,1.00220179302931,FALSE
"sel_coff_dev[667]",0.25487362136716,0.251213550255036,1.01456956087125,FALSE
"sel_coff_dev[668]",0.271666382543188,0.256764292962085,1.05803801381099,FALSE
"sel_coff_dev[669]",0.268906686604091,0.25795719974292,1.04244691317817,FALSE
"sel_coff_dev[670]",0.273375504662609,0.262539850950375,1.0412724151134,FALSE
"sel_coff_dev[671]",0.299213947764616,0.271115088055846,1.10364181466353,FALSE
"sel_coff_dev[672]",0.296190129304705,0.270698335128882,1.09417048746785,FALSE
"sel_coff_dev[673]",0.429910722856443,0.425234141392916,1.0109976622484,FALSE
"sel_coff_dev[674]",0.332387011618147,0.331082973450052,1.00393870501556,FALSE
"sel_coff_dev[675]",0.337222923916112,0.328300488858556,1.02717764779632,FALSE
"sel_coff_dev[676]",0.31281045656626,0.31312287487471,0.999002250127606,FALSE
"sel_coff_dev[677]",0.284551421071381,0.2783403336713,1.02231472283645,FALSE
"sel_coff_dev[678]",0.241181302409094,0.245013665790328,0.98435857294379,FALSE
"sel_coff_dev[679]",0.243527217587586,0.245275448128984,0.992872378565672,FALSE
"sel_coff_dev[680]",0.264534515493327,0.261148284558702,1.0129666979829,FALSE
"sel_coff_dev[681]",0.271814954499187,0.270577146433506,1.00457469554246,FALSE
"sel_coff_dev[682]",0.272532776226377,0.264516788224204,1.03030426936599,FALSE
"sel_coff_dev[683]",0.285720841382202,0.268922211898158,1.06246650050017,FALSE
"sel_coff_dev[684]",0.28203017152744,0.26880639254495,1.04919443640195,FALSE
"sel_coff_dev[685]",0.422950046781399,0.425244652389021,0.99460403418425,FALSE
"sel_coff_dev[686]",0.290259900402094,0.284389056575029,1.02064370513328,FALSE
"sel_coff_dev[687]",0.268754936728544,0.27323160376885,0.98361585197848,FALSE
"sel_coff_dev[688]",0.289299143732014,0.2875099255737,1.00622315266071,FALSE
"sel_coff_dev[689]",0.287308327293868,0.292194124756848,0.983278933253551,FALSE
"sel_coff_dev[690]",0.277990255501528,0.273864125016969,1.01506634169154,FALSE
"sel_coff_dev[691]",0.248546467521542,0.252577242995273,0.98404141471365,FALSE
"sel_coff_dev[692]",0.25581691209996,0.256634148465824,0.996815558760398,FALSE
"sel_coff_dev[693]",0.279896304646699,0.273085478495606,1.02494027213974,FALSE
"sel_coff_dev[694]",0.296168509681861,0.267515087180752,1.10710955708359,FALSE
"sel_coff_dev[695]",0.295973106725606,0.271095116739515,1.09176849175781,FALSE
"sel_coff_dev[696]",0.277423653747215,0.267903281716502,1.03553660100658,FALSE
"sel_coff_dev[697]",0.428083202478482,0.427622543227541,1.00107725670276,FALSE
"sel_coff_dev[698]",0.312454102643447,0.318440029415116,0.981202341983627,FALSE
"sel_coff_dev[699]",0.262213260791338,0.26904220658107,0.974617566973922,FALSE
"sel_coff_dev[700]",0.253470139265352,0.251976208913729,1.0059288547838,FALSE
"sel_coff_dev[701]",0.273741863411827,0.286330164719376,0.956035713806518,FALSE
"sel_coff_dev[702]",0.298779571255845,0.302221529300776,0.988611142121825,FALSE
"sel_coff_dev[703]",0.278885169985462,0.28985052288789,0.962168938688893,FALSE
"sel_coff_dev[704]",0.257443011455296,0.259390307999885,0.992492793737728,FALSE
"sel_coff_dev[705]",0.266283213828303,0.259784174622632,1.02501707124813,FALSE
"sel_coff_dev[706]",0.29560257752662,0.285091343316116,1.03686970669905,FALSE
"sel_coff_dev[707]",0.317924386185411,0.301763648038642,1.05355429075638,FALSE
"sel_coff_dev[708]",0.276372649338623,0.275482399014877,1.00323160509321,FALSE
"sel_coff_dev[709]",0.417998990635733,0.429979819832745,0.972136298857763,FALSE
"sel_coff_dev[710]",0.356507463361194,0.363500106526336,0.980763023064932,FALSE
"sel_coff_dev[711]",0.32325023680507,0.326730134863033,0.989349320167786,FALSE
"sel_coff_dev[712]",0.284956547152557,0.284680665717699,1.00096909087297,FALSE
"sel_coff_dev[713]",0.266797502074561,0.266026521533289,1.00289813412899,FALSE
"sel_coff_dev[714]",0.285492729401538,0.290484730628039,0.982814927257249,FALSE
"sel_coff_dev[715]",0.302832051278165,0.307232652337859,0.985676649190091,FALSE
"sel_coff_dev[716]",0.293973430115366,0.285069957941204,1.03123258669017,FALSE
"sel_coff_dev[717]",0.28331564009981,0.271096868587936,1.0450716069703,FALSE
"sel_coff_dev[718]",0.309247977475948,0.295039497745069,1.04815789017902,FALSE
"sel_coff_dev[719]",0.324047663335813,0.312821146485227,1.03588797297345,FALSE
"sel_coff_dev[720]",0.279632900836002,0.283156452191178,0.987556167878537,FALSE
"sel_coff_dev[721]",0.433738884985203,0.43278501986662,1.00220401602365,FALSE
"sel_coff_dev[722]",0.42598277416074,0.429895994472831,0.99089728594264,FALSE
"sel_coff_dev[723]",0.410175251683291,0.430744478607229,0.952247265036464,FALSE
"sel_coff_dev[724]",0.403966443023907,0.437932138872049,0.922440732631259,FALSE
"sel_coff_dev[725]",0.34305715482161,0.325817625769955,1.05291159129564,FALSE
"sel_coff_dev[726]",0.316347746071865,0.308202517399643,1.02642817048006,FALSE
"sel_coff_dev[727]",0.331842550251187,0.328031726912085,1.01161724012179,FALSE
"sel_coff_dev[728]",0.329619787258333,0.327775676502517,1.00562613667827,FALSE
"sel_coff_dev[729]",0.326301719633343,0.307189347308226,1.06221691114159,FALSE
"sel_coff_dev[730]",0.334428431418826,0.327662136599139,1.02065021881965,FALSE
"sel_coff_dev[731]",0.346235457883143,0.329901061350469,1.04951301601095,FALSE
"sel_coff_dev[732]",0.297106363702611,0.293423518933839,1.01255129371413,FALSE
"sel_coff_dev[733]",0.309411232269092,0.322720518708337,0.958759094424754,FALSE
"sel_coff_dev[734]",0.342293572383573,0.358538388118708,0.9546915580773,FALSE
"sel_coff_dev[735]",0.339025876251787,0.348893659512829,0.971716931529163,FALSE
"sel_coff_dev[736]",0.326308816906819,0.341072242219791,0.956714667787423,FALSE
"sel_coff_dev[737]",0.358262755018276,0.357148470134992,1.0031199486389,FALSE
"sel_coff_dev[738]",0.351464934961896,0.357576415983903,0.98290860149378,FALSE
"sel_coff_dev[739]",0.308301027107124,0.318143401882462,0.969063086906409,FALSE
"sel_coff_dev[740]",0.275268209094733,0.283798048945371,0.969943979945119,FALSE
"sel_coff_dev[741]",0.282941094324532,0.293387477848361,0.964393901197011,FALSE
"sel_coff_dev[742]",0.279222746733646,0.292094946542357,0.955931453244624,FALSE
"sel_coff_dev[743]",0.285114401090905,0.290892479385963,0.980136721625618,FALSE
"sel_coff_dev[744]",0.281923755487139,0.291761868363966,0.9662803335748,FALSE
"sel_coff_dev[745]",0.286678049113577,0.291614869735081,0.98307075141268,FALSE
"sel_coff_dev[746]",0.252205060716185,0.263673813356897,0.95650401344487,FALSE
"sel_coff_dev[747]",0.261062383799254,0.273638418514861,0.954041414272669,FALSE
"sel_coff_dev[748]",0.265551879467287,0.273594420418617,0.970604148509227,FALSE
"sel_coff_dev[749]",0.271167317043428,0.272012107508336,0.996894290946658,FALSE
"sel_coff_dev[750]",0.265849689543094,0.271790317285675,0.978142607132185,FALSE
"sel_coff_dev[751]",0.265280933766728,0.272344718756503,0.974063073365153,FALSE
"sel_coff_dev[752]",0.263622326898402,0.271507850564365,0.970956553743945,FALSE
"sel_coff_dev[753]",0.238589459998268,0.246552455487488,0.967702631582088,FALSE
"sel_coff_dev[754]",0.254606747832709,0.262356186656434,0.970462145671168,FALSE
"sel_coff_dev[755]",0.252860822383635,0.260049365697167,0.972357005008416,FALSE
"sel_coff_dev[756]",0.247775403617362,0.258673830484521,0.957868073292356,FALSE
"sel_coff_dev[757]",0.248763797724008,0.257847030137892,0.964772786372499,FALSE
"sel_coff_dev[758]",0.250985893723128,0.25901560734304,0.96899911282459,FALSE
"sel_coff_dev[759]",0.254033350480676,0.258292703610853,0.983509587879826,FALSE
"sel_coff_dev[760]",0.225159575534763,0.233225444768808,0.965415998061273,FALSE
"sel_coff_dev[761]",0.250377617558165,0.250165399436737,1.0008483112449,FALSE
"sel_coff_dev[762]",0.250766651471133,0.250449040194488,1.00126816727426,FALSE
"sel_coff_dev[763]",0.24693631846121,0.250069141365725,0.987472173146172,FALSE
"sel_coff_dev[764]",0.24473799528359,0.250179572802697,0.978249313250692,FALSE
"sel_coff_dev[765]",0.249212050918568,0.250427815973269,0.995145247543785,FALSE
"sel_coff_dev[766]",0.245172559216535,0.249278211077094,0.983529840643435,FALSE
"sel_coff_dev[767]",0.219870897389244,0.223479461603472,0.983852814982025,FALSE
"sel_coff_dev[768]",0.243149056101736,0.246529686317575,0.98628712725702,FALSE
"sel_coff_dev[769]",0.2457906047724,0.243211756114738,1.01060330593742,FALSE
"sel_coff_dev[770]",0.241764709123679,0.242276592295775,0.99788719509695,FALSE
"sel_coff_dev[771]",0.241181212996224,0.243088636722589,0.992153381778426,FALSE
"sel_coff_dev[772]",0.238884134201001,0.2433948709203,0.981467412594839,FALSE
"sel_coff_dev[773]",0.239014963321574,0.241779476517044,0.988565972450208,FALSE
"sel_coff_dev[774]",0.214682059637432,0.216382983714116,0.992139289109116,FALSE
"sel_coff_dev[775]",0.238974346394514,0.239141655083509,0.999300378309514,FALSE
"sel_coff_dev[776]",0.237502448939683,0.238787315572096,0.994619200650025,FALSE
"sel_coff_dev[777]",0.238474973443725,0.237442985328293,1.00434625648766,FALSE
"sel_coff_dev[778]",0.241497102883758,0.238430290778196,1.0128625104451,FALSE
"sel_coff_dev[779]",0.241496768720601,0.239331355090097,1.00904776404951,FALSE
"sel_coff_dev[780]",0.243582052332461,0.23857962183021,1.02096755147768,FALSE
"sel_coff_dev[781]",0.211819413926281,0.212183971697348,0.998281878842445,FALSE
"sel_coff_dev[782]",0.238158831971645,0.234467624332655,1.0157429310315,FALSE
"sel_coff_dev[783]",0.236971299830518,0.237290312041596,0.998655603727211,FALSE
"sel_coff_dev[784]",0.236918643054365,0.236990370474392,0.999697340360776,FALSE
"sel_coff_dev[785]",0.23887858584841,0.237214863171508,1.00701356843605,FALSE
"sel_coff_dev[786]",0.239332231847339,0.237318441221597,1.00848560531316,FALSE
"sel_coff_dev[787]",0.236183937702701,0.23691136406345,0.996929542136465,FALSE
"sel_coff_dev[788]",0.209083295116762,0.210027938576523,0.995502296188955,FALSE
"sel_coff_dev[789]",0.232430278682053,0.235822811814184,0.985614058682313,FALSE
"sel_coff_dev[790]",0.232358595082426,0.234540302312947,0.990697943129581,FALSE
"sel_coff_dev[791]",0.22769499810053,0.234417665013924,0.971321841666693,FALSE
"sel_coff_dev[792]",0.236504563492234,0.234852440978507,1.00703472574883,FALSE
"sel_coff_dev[793]",0.236794133855098,0.234770134044756,1.00862119800109,FALSE
"sel_coff_dev[794]",0.235881779172242,0.234657566594187,1.00521701727255,FALSE
"sel_coff_dev[795]",0.205936230056519,0.207966064305022,0.990239589063312,FALSE
"sel_coff_dev[796]",0.227120577880498,0.231099401788441,0.982783062711756,FALSE
"sel_coff_dev[797]",0.235310794139822,0.235951463175078,0.99728474226591,FALSE
"sel_coff_dev[798]",0.240800653656652,0.235329747400123,1.02324783125368,FALSE
"sel_coff_dev[799]",0.236592587658086,0.235288899956944,1.00554079559801,FALSE
"sel_coff_dev[800]",0.239699236893377,0.235447919122896,1.01805629791216,FALSE
"sel_coff_dev[801]",0.235344460182177,0.235078881326151,1.00112974357598,FALSE
"sel_coff_dev[802]",0.208031088526354,0.208106911398029,0.999635654235771,FALSE
"sel_coff_dev[803]",0.231546844855818,0.234374108683977,0.987936961791411,FALSE
"sel_coff_dev[804]",0.230351216557525,0.235345604234397,0.978778496020272,FALSE
"sel_coff_dev[805]",0.232830296312156,0.233913886570576,0.995367567636506,FALSE
"sel_coff_dev[806]",0.229336818903313,0.234254877216491,0.979005524360406,FALSE
"sel_coff_dev[807]",0.231423925277918,0.234729397238591,0.985917946369056,FALSE
"sel_coff_dev[808]",0.23122815247696,0.234552331392305,0.985827559693769,FALSE
"sel_coff_dev[809]",0.199913154550474,0.207920450740108,0.961488655102803,FALSE
"sel_coff_dev[810]",0.225003211314572,0.234042351021304,0.961378187890834,FALSE
"sel_coff_dev[811]",0.236447706022543,0.237020372443216,0.997583893676437,FALSE
"sel_coff_dev[812]",0.230277513707523,0.236081445377702,0.97541555347184,FALSE
"sel_coff_dev[813]",0.229271784172455,0.235484210220513,0.973618502734256,FALSE
"sel_coff_dev[814]",0.230834640396097,0.23549317576781,0.98021796021679,FALSE
"sel_coff_dev[815]",0.234774252642904,0.235344905390858,0.997575249198588,FALSE
"sel_coff_dev[816]",0.20116520374608,0.209079250659059,0.962148099880631,FALSE
"sel_coff_dev[817]",0.23827784085348,0.237370224792586,1.00382363062464,FALSE
"sel_coff_dev[818]",0.232351590314706,0.237515337356757,0.978259311169049,FALSE
"sel_coff_dev[819]",0.234171627922115,0.235923973331431,0.9925724148141,FALSE
"sel_coff_dev[820]",0.236114496130201,0.235206648458022,1.00385978745979,FALSE
"sel_coff_dev[821]",0.237625709349984,0.235143426609564,1.01055646239493,FALSE
"sel_coff_dev[822]",0.237378161471092,0.235252786169277,1.00903443201003,FALSE
"sel_coff_dev[823]",0.208322414922224,0.209743332584282,0.993225445383412,FALSE
"sel_coff_dev[824]",0.235375809092695,0.236651071263682,0.994611213191738,FALSE
"sel_coff_dev[825]",0.239382226324855,0.236585406461834,1.0118216077012,FALSE
"sel_coff_dev[826]",0.237003120748168,0.235728451791179,1.00540736150983,FALSE
"sel_coff_dev[827]",0.237185253565698,0.234997628526703,1.00930913666112,FALSE
"sel_coff_dev[828]",0.229294465070672,0.234926180457284,0.976027723365483,FALSE
"sel_coff_dev[829]",0.229480784870598,0.234918220057924,0.976853923097216,FALSE
"sel_coff_dev[830]",0.209589907145571,0.209044943255366,1.00260692213702,FALSE
"sel_coff_dev[831]",0.234930536682418,0.235871455987557,0.996010881006352,FALSE
"sel_coff_dev[832]",0.240670365965088,0.237060755496375,1.01522652056497,FALSE
"sel_coff_dev[833]",0.239978261604986,0.237207394660799,1.01168119968667,FALSE
"sel_coff_dev[834]",0.244427219755066,0.237355071134892,1.02979564997857,FALSE
"sel_coff_dev[835]",0.24361854894983,0.237219772943747,1.02697404152562,FALSE
"sel_coff_dev[836]",0.236514755910843,0.236805128728728,0.998773789995833,FALSE
"sel_coff_dev[837]",0.212762858586243,0.210482326425253,1.01083479168879,FALSE
"sel_coff_dev[838]",0.241568450355444,0.235123020301249,1.02741301147773,FALSE
"sel_coff_dev[839]",0.241658157153812,0.237680912506684,1.01673354669158,FALSE
"sel_coff_dev[840]",0.248588734481199,0.237676241030892,1.04591327009791,FALSE
"sel_coff_dev[841]",0.239957607223793,0.238335397294775,1.00680641628323,FALSE
"sel_coff_dev[842]",0.242686957725726,0.238578309155966,1.0172213835545,FALSE
"sel_coff_dev[843]",0.246248276544476,0.238012559890565,1.03460202544646,FALSE
"sel_coff_dev[844]",0.215245013535139,0.21116798118207,1.01930705749161,FALSE
"sel_coff_dev[845]",0.235009881876897,0.23536561094177,0.998488610704638,FALSE
"sel_coff_dev[846]",0.237475493880505,0.238295600810638,0.996558447040806,FALSE
"sel_coff_dev[847]",0.233535681846959,0.237262299844555,0.984293256872092,FALSE
"sel_coff_dev[848]",0.237993726190968,0.238024025448716,0.999872705044415,FALSE
"sel_coff_dev[849]",0.24356669942886,0.238378102219211,1.02176624933811,FALSE
"sel_coff_dev[850]",0.23727523141198,0.237992716098192,0.996985266196484,FALSE
"sel_coff_dev[851]",0.210781569317427,0.210994956802268,0.998988660733529,FALSE
"sel_coff_dev[852]",0.232842740552197,0.234364728792544,0.993505898911546,FALSE
"sel_coff_dev[853]",0.237094752423405,0.239615948758547,0.989478178108742,FALSE
"sel_coff_dev[854]",0.236296211648175,0.237949495931317,0.993051952992497,FALSE
"sel_coff_dev[855]",0.233759147279798,0.238290731336048,0.980982961314347,FALSE
"sel_coff_dev[856]",0.235370956129641,0.238370846231534,0.987415029357323,FALSE
"sel_coff_dev[857]",0.240828217145474,0.238164806378373,1.01118305768011,FALSE
"sel_coff_dev[858]",0.210173549530534,0.21144447269823,0.993989328964347,FALSE
"sel_coff_dev[859]",0.234918214063689,0.238231010377318,0.986094185184449,FALSE
"sel_coff_dev[860]",0.235786848996446,0.23864525014129,0.988022384090396,FALSE
"sel_coff_dev[861]",0.232760794700442,0.236257529974751,0.985199475865666,FALSE
"sel_coff_dev[862]",0.23505645950769,0.237745913718176,0.988687695328071,FALSE
"sel_coff_dev[863]",0.236591597013262,0.237805447438229,0.994895615562875,FALSE
"sel_coff_dev[864]",0.235642087074373,0.238050384277688,0.989883245890895,FALSE
"sel_coff_dev[865]",0.210088655465452,0.211647058155497,0.992636785487944,FALSE
"sel_coff_dev[866]",0.234084010333722,0.235204223080997,0.995237276216382,FALSE
"sel_coff_dev[867]",0.234270416815129,0.237429269771836,0.986695604296209,FALSE
"sel_coff_dev[868]",0.233779467363362,0.235906138023856,0.990985098233099,FALSE
"sel_coff_dev[869]",0.234871679803991,0.235901825892986,0.995633157627775,FALSE
"sel_coff_dev[870]",0.237407208458786,0.23607450747358,1.00564525581126,FALSE
"sel_coff_dev[871]",0.230211723951998,0.236408497289813,0.973787856998141,FALSE
"sel_coff_dev[872]",0.206064580749076,0.209371599290571,0.984205028032931,FALSE
"sel_coff_dev[873]",0.234740152602319,0.236481021689913,0.992638440602319,FALSE
"sel_coff_dev[874]",0.231904096176914,0.234597896834735,0.98851737081122,FALSE
"sel_coff_dev[875]",0.227329551501902,0.233577741098989,0.973250064121313,FALSE
"sel_coff_dev[876]",0.227133948565829,0.233689334345651,0.971948288533677,FALSE
"sel_coff_dev[877]",0.226354087450371,0.233351391422117,0.970013875087254,FALSE
"sel_coff_dev[878]",0.228089146875009,0.234715606799945,0.971768132442154,FALSE
"sel_coff_dev[879]",0.200761670795415,0.20746895265938,0.967670912789648,FALSE
"sel_coff_dev[880]",0.226479116513355,0.229982288025295,0.984767646491304,FALSE
"sel_coff_dev[881]",0.226568886933177,0.234526439900335,0.966069697853514,FALSE
"sel_coff_dev[882]",0.22785227065426,0.234473122195339,0.971762855038186,FALSE
"sel_coff_dev[883]",0.228795075352982,0.235338872048742,0.97219415288774,FALSE
"sel_coff_dev[884]",0.232184894047107,0.23552190739761,0.98583140996362,FALSE
"sel_coff_dev[885]",0.229631438404987,0.235885999887098,0.973484812642106,FALSE
"sel_coff_dev[886]",0.201195504938931,0.208380140051173,0.965521497823747,FALSE
"sel_coff_dev[887]",0.229450975763102,0.236501128856983,0.9701897697996,FALSE
"sel_coff_dev[888]",0.228146050974668,0.236456492435962,0.964854247072344,FALSE
"sel_coff_dev[889]",0.228389565470001,0.235704421056655,0.968965980553686,FALSE
"sel_coff_dev[890]",0.234188247633483,0.237611637448165,0.985592499376513,FALSE
"sel_coff_dev[891]",0.231004377556336,0.237965060967857,0.970749136939636,FALSE
"sel_coff_dev[892]",0.231314275513262,0.238318757764162,0.970608766525081,FALSE
"sel_coff_dev[893]",0.202879419933709,0.212238956247039,0.955900950142086,FALSE
"sel_coff_dev[894]",0.232353888527857,0.238213743926584,0.975400850924318,FALSE
"sel_coff_dev[895]",0.241058070702865,0.242286878161254,0.994928295466455,FALSE
"sel_coff_dev[896]",0.238265728034768,0.240727844655178,0.98977219845948,FALSE
"sel_coff_dev[897]",0.238291959280023,0.241777404357706,0.985584074380559,FALSE
"sel_coff_dev[898]",0.240489729401952,0.242813185984647,0.990431093874605,FALSE
"sel_coff_dev[899]",0.236219606619451,0.243747432038965,0.96911628829669,FALSE
"sel_coff_dev[900]",0.216376681983878,0.21798807807787,0.992607870539523,FALSE
"sel_coff_dev[901]",0.239919868690213,0.244934316575933,0.979527377152291,FALSE
"sel_coff_dev[902]",0.241235293204088,0.247086700127584,0.976318405966508,FALSE
"sel_coff_dev[903]",0.236953317317484,0.245686705923396,0.964453149497493,FALSE
"sel_coff_dev[904]",0.233696731157096,0.244672202546821,0.955142140073618,FALSE
"sel_coff_dev[905]",0.240147802907975,0.246426258196938,0.974521971258656,FALSE
"sel_coff_dev[906]",0.241844780082806,0.248075709203498,0.97488295351166,FALSE
"sel_coff_dev[907]",0.215069038018681,0.222770365523049,0.965429299869907,FALSE
"sel_coff_dev[908]",0.239406379689373,0.245827448728107,0.973879771880821,FALSE
"sel_coff_dev[909]",0.245408613062027,0.250237230026074,0.980703842655451,FALSE
"sel_coff_dev[910]",0.253276809267576,0.250968381940977,1.00919808028703,FALSE
"sel_coff_dev[911]",0.243975424266704,0.251111301708036,0.971582810519499,FALSE
"sel_coff_dev[912]",0.247750233340035,0.251350370487171,0.985676817821441,FALSE
"sel_coff_dev[913]",0.249630620209273,0.251536400539261,0.992423441196175,FALSE
"sel_coff_dev[914]",0.222483023640524,0.22588550325246,0.984937149294912,FALSE
"sel_coff_dev[915]",0.256020727635984,0.252514947781664,1.01388345476226,FALSE
"sel_coff_dev[916]",0.252173161416596,0.255772750634807,0.985926611770501,FALSE
"sel_coff_dev[917]",0.249575282120085,0.256068051724929,0.974644358946353,FALSE
"sel_coff_dev[918]",0.255177959364581,0.256410247856312,0.995194074721924,FALSE
"sel_coff_dev[919]",0.253473600861807,0.25650818780344,0.988169629329888,FALSE
"sel_coff_dev[920]",0.254695235071594,0.25666347402927,0.992331441140504,FALSE
"sel_coff_dev[921]",0.227298404961884,0.231741499082515,0.980827369555211,FALSE
"sel_coff_dev[922]",0.25661025896234,0.260172177655632,0.986309378945175,FALSE
"sel_coff_dev[923]",0.261942016100807,0.263061977500418,0.995742594919065,FALSE
"sel_coff_dev[924]",0.264018120087138,0.262560042750915,1.00555331009603,FALSE
"sel_coff_dev[925]",0.260425069064882,0.263066386630356,0.989959501860704,FALSE
"sel_coff_dev[926]",0.261065344306133,0.263179084768167,0.991968432963065,FALSE
"sel_coff_dev[927]",0.259575480049029,0.263470540803414,0.985216332943683,FALSE
"sel_coff_dev[928]",0.238807628436133,0.239654086810713,0.996467999415976,FALSE
"sel_coff_dev[929]",0.267965087502453,0.271239461918839,0.987928104586176,FALSE
"sel_coff_dev[930]",0.273418371484262,0.273161722084688,1.00093955111139,FALSE
"sel_coff_dev[931]",0.277565263200558,0.271199973640872,1.02347083399099,FALSE
"sel_coff_dev[932]",0.270838204384233,0.272402006106022,0.994259213637435,FALSE
"sel_coff_dev[933]",0.272203717277155,0.272649647015548,0.998364458772367,FALSE
"sel_coff_dev[934]",0.276346212476003,0.273010998647657,1.01221640829442,FALSE
"sel_coff_dev[935]",0.25074427968376,0.250711511402902,1.00013070114202,FALSE
"sel_coff_dev[936]",0.28246855527219,0.283945898666834,0.994797095497488,FALSE
"sel_coff_dev[937]",0.285873921010702,0.288806488233004,0.989845909486854,FALSE
"sel_coff_dev[938]",0.287721846555071,0.288311540913973,0.997954662664448,FALSE
"sel_coff_dev[939]",0.287988030411649,0.287385873275902,1.00209529135473,FALSE
"sel_coff_dev[940]",0.28638427883244,0.287473259799433,0.996211887784788,FALSE
"sel_coff_dev[941]",0.286758393232188,0.288469298994033,0.994069019587836,FALSE
"sel_coff_dev[942]",0.268878178835181,0.267428621166763,1.00542035352123,FALSE
"sel_coff_dev[943]",0.308429748043949,0.308707629870163,0.999099854362748,FALSE
"sel_coff_dev[944]",0.305034993298546,0.311191020703526,0.980217850145346,FALSE
"sel_coff_dev[945]",0.302981428974715,0.309991896747974,0.977384996682806,FALSE
"sel_coff_dev[946]",0.303172771864985,0.308745153553155,0.98195151689333,FALSE
"sel_coff_dev[947]",0.298785806972493,0.307233259294743,0.97250475960304,FALSE
"sel_coff_dev[948]",0.305379662881892,0.310039991224227,0.984968621873802,FALSE
"sel_coff_dev[949]",0.283207423131895,0.289889423144433,0.976949831628704,FALSE
"log_sel_slp",0.201433627269484,0.190755273812521,1.05597933542565,FALSE
"sel_inf[1]",0.741746761303284,0.680093154170585,1.09065465040284,FALSE
"sel_inf[2]",0.325750527073368,0.315548879163549,1.03232984993279,FALSE
"log_sel_slp_dev[1]",0.234319137238906,0.217801029281086,1.07584035765278,FALSE
"log_sel_slp_dev[2]",0.24294375963461,0.221941607924051,1.09462917704799,FALSE
"log_sel_slp_dev[3]",0.259064548777498,0.24591093755348,1.05348932973409,FALSE
"log_sel_slp_dev[4]",0.248962599947049,0.233754708609305,1.06505918716342,FALSE
"log_sel_slp_dev[5]",0.315728957925113,0.287837072720224,1.09690164279846,FALSE
"log_sel_slp_dev[6]",0.406023335155266,0.334690301865224,1.21313146180963,FALSE
"log_sel_slp_dev[7]",0.48971445266003,0.385114335506519,1.27160795511789,FALSE
"log_sel_slp_dev[8]",0.401512872567466,0.304771188966945,1.31742397937429,FALSE
"log_sel_slp_dev[9]",0.26797276398441,0.254992719238285,1.05090358965895,FALSE
"log_sel_slp_dev[10]",0.270052673316141,0.25103350967429,1.07576344555166,FALSE
"log_sel_slp_dev[11]",0.266707432468168,0.25546076232782,1.04402503945368,FALSE
"log_sel_slp_dev[12]",0.23921401137706,0.229316058573528,1.04316292921265,FALSE
"log_sel_slp_dev[13]",0.236757299743812,0.226071935883616,1.0472653264919,FALSE
"log_sel_slp_dev[14]",0.2230308966975,0.210780113540417,1.05812115266146,FALSE
"log_sel_slp_dev[15]",0.244839544577028,0.232108891727069,1.0548477602699,FALSE
"log_sel_slp_dev[16]",0.234139611032039,0.223447447050386,1.04785091135654,FALSE
"log_sel_slp_dev[17]",0.238820249949604,0.2272580686954,1.05087687896222,FALSE
"log_sel_slp_dev[18]",0.257057947674544,0.240955277575664,1.06682845987394,FALSE
"log_sel_slp_dev[19]",0.228965161292986,0.218050219204697,1.05005701039008,FALSE
"log_sel_slp_dev[20]",0.231963474546693,0.218413823926983,1.06203659812411,FALSE
"log_sel_slp_dev[21]",0.23870410028414,0.230789423742517,1.0342939308625,FALSE
"log_sel_slp_dev[22]",0.230291292172428,0.218278508071026,1.05503420473029,FALSE
"log_sel_slp_dev[23]",0.241351237378187,0.226140418333374,1.06726271737231,FALSE
"log_sel_slp_dev[24]",0.225457439007872,0.216968052363782,1.03912735792944,FALSE
"log_sel_slp_dev[25]",0.250499189006399,0.240021947907397,1.04365117936233,FALSE
"log_sel_slp_dev[26]",0.226765058255523,0.216285883422075,1.04845057230572,FALSE
"log_sel_slp_dev[27]",0.231274994634346,0.224191574948189,1.0315953875064,FALSE
"log_sel_slp_dev[28]",0.250683108380062,0.244834772280353,1.02388686886768,FALSE
"log_sel_slp_dev[29]",0.21969080483729,0.210022959256814,1.04603232720216,FALSE
"log_sel_slp_dev[30]",0.247441069562253,0.233814184737396,1.05828083031045,FALSE
"log_sel_slp_dev[31]",0.249533750954003,0.23713695360927,1.05227695285805,FALSE
"log_sel_slp_dev[32]",0.230948922757103,0.21775650057202,1.06058336789225,FALSE
"log_sel_slp_dev[33]",0.233811445409821,0.224513588058031,1.04141333908657,FALSE
"log_sel_slp_dev[34]",0.24683781119731,0.23793050544002,1.03743658569891,FALSE
"log_sel_slp_dev[35]",0.223875872463879,0.2169909913157,1.03172888010895,FALSE
"log_sel_slp_dev[36]",0.240388806133943,0.229738453846149,1.04635859652354,FALSE
"log_sel_slp_dev[37]",0.243574974196481,0.229000374502545,1.06364443606521,FALSE
"log_sel_slp_dev[38]",0.318806564452818,0.299844107593517,1.06324105219706,FALSE
"log_sel_slp_dev[39]",0.230208316281775,0.21683159572344,1.06169174982873,FALSE
"log_sel_slp_dev[40]",0.249661871576479,0.235622142349498,1.05958578038118,FALSE
"log_sel_slp_dev[41]",0.250034949242153,0.233134927208929,1.07249030523032,FALSE
"log_sel_slp_dev[42]",0.309899588512925,0.280271587858652,1.10571175223517,FALSE
"sel_inf_dev[1]",0.090893901760843,0.086868501744179,1.04633900592091,FALSE
"sel_inf_dev[2]",0.0988718960938866,0.0917683300042353,1.07740759899764,FALSE
"sel_inf_dev[3]",0.100025887564524,0.0962660779207344,1.03905643322132,FALSE
"sel_inf_dev[4]",0.106054851480051,0.0999620719831373,1.06095091244148,FALSE
"sel_inf_dev[5]",0.122409198957528,0.114444231997601,1.06959692787395,FALSE
"sel_inf_dev[6]",0.183365590861055,0.130332566504442,1.40690539424623,FALSE
"sel_inf_dev[7]",0.187110626946213,0.123839123982308,1.51091691324419,FALSE
"sel_inf_dev[8]",0.124574421453959,0.114533723472273,1.08766586536512,FALSE
"sel_inf_dev[9]",0.118694117590712,0.113470091987418,1.04603878882793,FALSE
"sel_inf_dev[10]",0.117338398549983,0.109929698184269,1.06739489408308,FALSE
"sel_inf_dev[11]",0.109325497204839,0.103589996958914,1.05536731744668,FALSE
"sel_inf_dev[12]",0.105518520781819,0.100168400894278,1.05341125384628,FALSE
"sel_inf_dev[13]",0.107101560500458,0.103362498340215,1.03617426262218,FALSE
"sel_inf_dev[14]",0.103858447162753,0.098445460464597,1.05498462471109,FALSE
"sel_inf_dev[15]",0.113795307769316,0.10669689648298,1.06652875126006,FALSE
"sel_inf_dev[16]",0.109844588248666,0.103413441230364,1.06218869560656,FALSE
"sel_inf_dev[17]",0.116624974949064,0.110561888074828,1.05483885070896,FALSE
"sel_inf_dev[18]",0.118843049579416,0.113255356277154,1.04933712175685,FALSE
"sel_inf_dev[19]",0.109780499599275,0.10356157749971,1.06005047672803,FALSE
"sel_inf_dev[20]",0.108209563317505,0.102838122072619,1.05223200440293,FALSE
"sel_inf_dev[21]",0.109318855918148,0.105411532852,1.0370673204386,FALSE
"sel_inf_dev[22]",0.104425428344081,0.0990085080727398,1.0547116644497,FALSE
"sel_inf_dev[23]",0.105158120982186,0.0992737311336542,1.05927438992506,FALSE
"sel_inf_dev[24]",0.102376273406045,0.0975913213967173,1.04903050743495,FALSE
"sel_inf_dev[25]",0.105284961465103,0.101030704667367,1.04210855315463,FALSE
"sel_inf_dev[26]",0.103763596428187,0.0984812929150664,1.053637633674,FALSE
"sel_inf_dev[27]",0.105571660719834,0.101598509974831,1.03910638793805,FALSE
"sel_inf_dev[28]",0.103878181137215,0.0997699571153427,1.04117696489658,FALSE
"sel_inf_dev[29]",0.101415531270012,0.0963754878238823,1.05229590593969,FALSE
"sel_inf_dev[30]",0.106256600987502,0.100604471304177,1.05618169461112,FALSE
"sel_inf_dev[31]",0.102298428130568,0.0967108298269258,1.05777634535493,FALSE
"sel_inf_dev[32]",0.102830439163392,0.0979293962039635,1.05004669843181,FALSE
"sel_inf_dev[33]",0.103959192732241,0.0999943540915998,1.03965062504438,FALSE
"sel_inf_dev[34]",0.10519824653597,0.100493589295945,1.04681549612255,FALSE
"sel_inf_dev[35]",0.101068705399303,0.0960588334736043,1.05215420325789,FALSE
"sel_inf_dev[36]",0.108687354589373,0.102694749882068,1.05835356446348,FALSE
"sel_inf_dev[37]",0.10526991853646,0.09961816598643,1.05673415580447,FALSE
"sel_inf_dev[38]",0.12648034183023,0.121115269590655,1.04429724061803,FALSE
"sel_inf_dev[39]",0.108228503273891,0.10214444000435,1.05956333275978,FALSE
"sel_inf_dev[40]",0.111062417967409,0.105258352691973,1.05514113727792,FALSE
"sel_inf_dev[41]",0.112558236251856,0.105868858329646,1.06318551109129,FALSE
"sel_inf_dev[42]",0.132891782231768,0.120711844989044,1.10090092851973,FALSE
"sel_inf_dev[43]",0.118158092637254,0.114654544919228,1.03055742552983,FALSE
"sel_inf_dev[44]",0.163772042233262,0.161971898145038,1.01111392845821,FALSE
"sel_inf_dev[45]",0.144927266096691,0.140961508982268,1.02813361706366,FALSE
"sel_inf_dev[46]",0.14908511198934,0.143433605682431,1.03940154944875,FALSE
"sel_inf_dev[47]",0.196275235712143,0.188286912308067,1.04242633386544,FALSE
"sel_inf_dev[48]",0.1891245049803,0.183168832511752,1.03251466085621,FALSE
"sel_inf_dev[49]",0.190842928050431,0.179196156573036,1.06499453838815,FALSE
"sel_inf_dev[50]",0.151987991596109,0.146838709911435,1.03506760368421,FALSE
"sel_inf_dev[51]",0.140074097622237,0.1348385397023,1.03882834930945,FALSE
"sel_inf_dev[52]",0.139672931017106,0.135586161365238,1.03014149534671,FALSE
"sel_inf_dev[53]",0.132496176193836,0.127403157014566,1.03997561205401,FALSE
"sel_inf_dev[54]",0.150700029133829,0.143632853765883,1.04920305614387,FALSE
"sel_inf_dev[55]",0.146463776438118,0.144604458317664,1.01285795847574,FALSE
"sel_inf_dev[56]",0.121369671669237,0.115058856311584,1.05484858410693,FALSE
"sel_inf_dev[57]",0.135386798069103,0.131204027286108,1.03187989629216,FALSE
"sel_inf_dev[58]",0.143915859784642,0.142519871451564,1.00979504344804,FALSE
"sel_inf_dev[59]",0.140607775144694,0.137492502892206,1.02265776087391,FALSE
"sel_inf_dev[60]",0.140407375842863,0.135000534157512,1.04005052068196,FALSE
"sel_inf_dev[61]",0.119623821691005,0.114409489441226,1.04557604684056,FALSE
"sel_inf_dev[62]",0.122547721289887,0.118278685601792,1.03609302611349,FALSE
"sel_inf_dev[63]",0.142235497423752,0.137138341130115,1.03716798855545,FALSE
"sel_inf_dev[64]",0.139819937728016,0.136290516473583,1.02589630845751,FALSE
"sel_inf_dev[65]",0.152916633433043,0.144815432908871,1.05594155513294,FALSE
"sel_inf_dev[66]",0.120081431704426,0.113934691864155,1.05394967713257,FALSE
"sel_inf_dev[67]",0.11929134706987,0.115188399473007,1.03561945139992,FALSE
"sel_inf_dev[68]",0.118960681512351,0.116354977148529,1.02239443836164,FALSE
"sel_inf_dev[69]",0.114573743698664,0.109760180695018,1.04385527586749,FALSE
"sel_inf_dev[70]",0.132455485045514,0.129958541211232,1.0192133876774,FALSE
"sel_inf_dev[71]",0.127035626252327,0.121181114835199,1.04831207754682,FALSE
"sel_inf_dev[72]",0.141851440394329,0.135235055303235,1.04892507402211,FALSE
"sel_inf_dev[73]",0.138104979671531,0.131722838462321,1.04845128820266,FALSE
"sel_inf_dev[74]",0.124740833797533,0.121525109521821,1.02646139788201,FALSE
"sel_inf_dev[75]",0.141543702962323,0.138773326827544,1.01996331858659,FALSE
"sel_inf_dev[76]",0.153456325607382,0.152424944369757,1.00676648590484,FALSE
"sel_inf_dev[77]",0.140487445640609,0.136878107852191,1.02636899242,FALSE
"sel_inf_dev[78]",0.132250757382287,0.126858195897286,1.04250857776164,FALSE
"sel_inf_dev[79]",0.119785329729706,0.117409879260266,1.02023211747092,FALSE
"sel_inf_dev[80]",0.211542343320065,0.212130814139573,0.997225905996285,FALSE
"sel_inf_dev[81]",0.154334302815516,0.143467179290424,1.07574640819482,FALSE
"sel_inf_dev[82]",0.160953333546673,0.152144466266247,1.05789804582843,FALSE
"sel_inf_dev[83]",0.174278253319611,0.159815167629267,1.09049883002279,FALSE
"sel_inf_dev[84]",0.264616985009153,0.24632962269926,1.07423939560943,FALSE
